Country,Year,Happiness Score,GDP per Capita,Social Support,Healthy Life Expectancy,Freedom,Generosity,Corruption,Region
Finland,2015.0,6.58,0.716,0.595,44.6,0.767,0.436,0.354,Asia
India,2016.0,3.7,1.159,0.437,48.9,0.685,0.436,0.132,
,2015.0,6.67,0.571,,52.5,0.294,0.611,0.061,South America
Finland,2020.0,7.16,1.326,1.53,72.8,0.583,0.778,0.227,Oceania
Switzerland,2024.0,7.37,0.915,0.669,43.1,0.695,0.618,0.591,Europe
Finland,2021.0,4.03,1.381,0.911,56.7,0.289,0.214,0.562,Asia
Australia,2017.0,5.44,0.716,1.047,52.1,0.933,0.551,0.132,North America
India,2018.0,7.02,1.669,0.962,43.0,0.922,,0.431,Europe
USA,2021.0,7.37,,0.6,46.3,0.77,0.431,0.448,South America
Australia,2021.0,4.49,1.995,0.594,62.2,0.78,0.689,0.092,Europe
Brazil,2024.0,2.85,0.949,1.795,63.8,0.974,0.689,0.007,Asia
Germany,2019.0,6.73,0.878,0.811,47.1,0.103,0.578,0.432,Oceania
Canada,,7.52,1.78,0.818,68.8,0.648,0.122,0.458,Oceania
Germany,2015.0,5.79,,0.557,56.3,0.987,0.645,0.144,Europe
Australia,2016.0,2.97,1.126,0.497,74.2,0.789,0.103,0.285,Oceania
Canada,2019.0,5.4,1.331,1.75,81.8,,0.552,0.428,South America
Japan,2022.0,7.45,1.068,0.747,42.9,0.119,0.443,0.353,Asia
Finland,2015.0,3.76,1.839,1.603,43.2,0.314,0.535,0.129,Europe
Australia,2024.0,5.1,1.634,1.53,48.6,0.187,0.345,0.254,South America
India,2016.0,2.83,1.538,1.521,44.9,0.272,0.429,0.084,Europe
Switzerland,2022.0,3.87,1.87,1.02,78.8,0.595,0.04,0.6,Asia
Finland,2018.0,3.41,1.126,0.699,58.0,0.153,0.303,0.591,North America
USA,2019.0,4.83,1.927,1.794,65.0,0.747,0.124,0.178,Asia
Australia,2023.0,2.84,0.833,0.47,61.5,0.927,0.425,0.034,Oceania
Finland,2017.0,2.88,0.416,,,0.947,0.456,0.347,Asia
Australia,2016.0,4.81,1.292,1.132,82.1,0.284,0.573,0.143,South America
Canada,2019.0,5.01,1.879,,40.4,0.659,0.45,0.06,Oceania
Norway,2023.0,3.96,1.887,1.633,79.6,0.433,0.126,0.5,North America
Australia,2023.0,2.54,1.689,0.819,69.9,0.945,0.107,0.069,Asia
Germany,2017.0,4.0,1.328,1.405,49.2,,0.211,0.293,Asia
,2021.0,7.06,0.375,0.867,45.9,0.982,0.129,0.265,South America
Germany,2015.0,3.12,1.907,1.367,46.7,0.132,0.295,0.332,South America
Canada,2015.0,4.2,,1.515,78.7,0.909,0.168,0.15,Asia
Japan,2023.0,,0.991,1.269,47.0,0.937,0.692,0.586,Europe
Brazil,2015.0,3.49,1.872,1.495,58.5,0.703,0.588,0.149,Europe
Finland,2021.0,7.3,1.76,0.711,76.7,0.514,0.244,,Europe
Norway,2015.0,6.13,0.977,0.79,43.1,0.796,0.281,0.306,Oceania
Japan,2015.0,3.13,1.95,0.65,83.3,0.339,0.087,0.261,North America
Brazil,2024.0,7.91,0.497,1.659,48.6,0.14,0.349,0.312,Oceania
Norway,2020.0,4.87,1.913,1.689,68.0,0.697,0.1,0.54,Oceania
Switzerland,2021.0,4.29,1.485,1.176,48.6,0.698,0.303,0.449,Europe
Australia,2024.0,,1.231,0.401,52.9,0.487,,0.393,South America
USA,2022.0,6.22,1.169,1.511,83.2,0.762,0.527,0.17,Oceania
Japan,2016.0,7.0,1.577,,,0.279,0.02,0.147,South America
Australia,2016.0,5.0,1.806,1.206,72.3,0.446,0.32,,Asia
Finland,2021.0,3.7,1.667,1.374,60.9,0.602,0.734,0.073,Europe
USA,2023.0,7.93,1.312,1.73,80.1,0.651,0.575,0.303,Oceania
USA,2017.0,6.59,1.107,0.763,,0.674,0.613,0.313,Europe
Switzerland,2022.0,2.93,0.786,0.78,54.4,0.586,0.111,0.139,Europe
Norway,2016.0,4.78,0.862,1.052,42.8,0.85,0.312,0.462,Asia
Australia,2021.0,5.12,1.903,0.818,57.5,0.902,0.669,0.323,Oceania
Australia,2018.0,5.19,0.764,1.08,57.5,0.702,0.639,0.435,South America
Canada,2024.0,5.44,1.842,1.229,69.8,0.176,0.343,0.52,Europe
India,2019.0,4.59,0.66,0.858,74.3,0.441,0.602,0.499,North America
Finland,2022.0,2.61,1.217,1.8,55.7,0.685,0.625,,Asia
Norway,2018.0,7.12,1.356,0.734,61.3,0.203,0.758,0.279,North America
Japan,2017.0,5.83,1.938,1.406,75.0,0.247,0.249,0.347,North America
Australia,2021.0,4.68,1.516,0.506,71.1,0.665,0.082,0.463,Oceania
Finland,2024.0,6.8,0.89,1.0,56.7,0.555,0.273,0.51,South America
Finland,2021.0,7.78,1.38,1.56,71.8,0.492,0.587,0.579,North America
Australia,2023.0,6.76,1.09,1.556,66.7,0.39,0.196,0.561,North America
USA,2018.0,6.63,1.269,1.335,55.1,,0.26,0.293,
Switzerland,2020.0,4.04,1.313,1.632,65.0,,0.153,0.145,South America
,2023.0,6.67,1.474,1.304,62.1,0.814,0.074,0.133,Europe
Switzerland,2024.0,4.53,1.241,0.881,84.8,,0.281,0.272,North America
Switzerland,2018.0,3.16,0.627,0.567,64.1,0.786,0.148,0.13,South America
Switzerland,2024.0,7.87,1.192,0.796,44.5,0.275,0.182,0.108,Asia
Germany,2017.0,4.01,1.956,1.175,71.4,0.214,0.695,0.295,Asia
Australia,2019.0,5.08,1.049,0.658,42.3,0.947,0.382,,South America
USA,2016.0,5.67,1.467,0.612,76.5,0.954,0.068,0.149,Oceania
Brazil,2024.0,5.78,1.351,1.486,57.1,0.918,0.238,0.353,South America
Switzerland,2024.0,5.92,1.336,1.436,82.6,0.287,0.169,0.396,Europe
Norway,2017.0,5.54,0.566,0.972,71.0,0.523,0.026,,North America
USA,2016.0,6.28,1.871,1.503,68.1,0.695,0.747,0.255,Oceania
Norway,2017.0,7.5,1.705,0.5,47.5,0.377,0.599,0.342,North America
USA,2016.0,5.08,0.817,0.964,52.3,0.586,0.35,0.359,South America
Japan,2024.0,3.88,0.455,1.747,77.6,0.618,0.761,0.6,
Australia,2015.0,6.7,0.598,1.127,59.9,0.35,0.798,0.262,South America
Finland,2022.0,4.41,0.867,1.338,78.6,0.397,0.555,0.173,
Germany,2015.0,5.0,0.835,0.853,83.7,,0.412,0.593,Oceania
USA,2021.0,2.8,1.181,1.272,62.4,0.498,0.041,0.16,Europe
Switzerland,2022.0,7.34,1.124,0.44,68.4,0.819,0.568,0.186,
Germany,2021.0,3.01,1.987,1.678,60.8,0.206,0.666,0.299,North America
Germany,2019.0,,1.12,1.061,60.6,0.23,0.152,0.36,Europe
Finland,2019.0,6.75,1.753,0.876,75.4,0.34,,0.436,Oceania
Australia,2022.0,7.26,1.059,1.078,55.0,0.787,0.302,0.56,Europe
Norway,,4.61,1.755,0.975,54.3,0.526,0.731,0.229,Europe
USA,2015.0,3.19,1.941,0.865,44.5,,0.08,0.546,Asia
Canada,2021.0,7.29,1.949,0.505,75.2,0.339,0.499,0.238,Asia
Japan,2023.0,4.59,0.838,1.406,74.2,0.885,0.029,0.041,North America
Norway,2016.0,4.89,0.467,1.287,79.3,0.499,,0.542,Asia
Japan,2015.0,4.11,0.937,0.604,63.9,0.609,0.634,0.102,Asia
Australia,2021.0,5.91,0.709,1.678,46.4,0.515,0.203,,Asia
,2019.0,6.23,0.569,1.018,55.6,0.629,0.511,0.255,North America
,,3.6,0.954,1.076,50.7,,0.46,0.596,North America
India,2021.0,4.01,1.262,1.36,73.5,0.144,0.485,0.298,North America
Norway,2024.0,6.91,0.672,0.666,51.3,0.78,0.614,0.409,Europe
Finland,2015.0,4.2,1.049,1.211,73.0,0.181,0.236,0.448,Europe
Norway,2017.0,6.83,1.79,0.912,62.6,0.345,0.132,0.548,South America
Switzerland,2020.0,6.92,1.096,0.505,73.9,0.303,0.541,0.405,South America
Germany,2020.0,3.0,0.971,0.77,45.6,0.432,0.599,0.157,South America
Japan,,6.21,1.102,1.267,82.4,0.395,0.488,0.389,South America
Switzerland,2021.0,3.14,0.377,0.452,84.8,0.205,0.188,0.323,South America
USA,2020.0,6.19,1.563,1.724,58.9,0.768,0.124,0.249,Asia
USA,2024.0,4.74,1.918,0.446,56.7,0.499,0.76,0.513,Asia
Japan,2023.0,7.46,1.396,0.485,,,0.759,0.495,Asia
Norway,2024.0,7.84,0.386,0.867,84.5,0.808,0.164,0.498,Oceania
,2024.0,3.69,1.778,0.86,46.6,0.91,0.002,0.515,Europe
Canada,2023.0,,0.597,1.325,41.2,0.113,,0.143,North America
,2017.0,3.96,0.515,0.989,45.1,0.157,0.359,0.217,Oceania
,2022.0,,1.907,0.461,75.2,0.88,0.417,0.275,Asia
India,2022.0,,1.025,0.551,72.1,0.499,0.719,0.193,Europe
Finland,2017.0,4.01,1.376,1.168,54.6,0.995,0.424,0.272,Oceania
Brazil,2016.0,6.86,0.495,1.317,79.5,0.596,0.692,0.258,Europe
Brazil,2020.0,7.05,,1.421,54.1,0.381,0.204,0.572,South America
,2016.0,7.07,0.458,0.535,73.2,0.831,0.445,0.352,Oceania
Germany,2020.0,6.19,0.998,1.623,82.4,0.481,0.733,0.031,North America
Australia,2019.0,4.43,1.282,0.698,69.6,0.302,0.087,0.507,North America
Finland,2019.0,5.66,1.672,1.583,83.9,0.837,,0.386,Asia
Australia,2019.0,2.66,0.765,1.467,81.5,0.416,,0.086,South America
Finland,2017.0,6.58,1.952,0.528,63.9,0.439,0.363,0.094,North America
Japan,2024.0,,,0.618,73.9,0.145,0.065,0.266,
USA,,,0.764,,45.1,0.487,0.227,0.407,South America
Germany,2019.0,2.75,0.972,1.239,40.3,0.371,0.169,0.082,North America
Switzerland,2020.0,3.16,1.146,1.003,45.8,0.579,0.184,0.335,North America
Finland,2021.0,7.24,0.372,0.426,81.5,0.876,0.461,0.344,South America
Switzerland,2016.0,4.73,1.943,0.641,82.6,0.514,0.552,0.217,South America
Finland,2018.0,4.9,0.981,0.51,79.2,0.771,0.177,0.467,Asia
Germany,2016.0,5.42,0.63,1.487,55.8,0.962,0.516,0.089,Asia
Canada,2019.0,3.58,1.324,1.464,69.5,0.259,0.618,0.296,Oceania
Australia,2022.0,6.25,1.799,1.3,84.4,0.391,0.777,0.19,South America
Finland,2022.0,4.93,0.815,0.785,42.5,0.557,0.248,0.271,Asia
Japan,2019.0,2.92,1.769,1.597,67.7,0.556,0.37,,Asia
USA,2024.0,6.09,0.847,,46.8,0.156,0.083,0.539,North America
Finland,2023.0,6.05,0.367,1.391,84.6,0.572,0.488,0.218,North America
Brazil,2021.0,6.76,1.454,0.473,68.4,0.401,0.264,0.335,South America
Switzerland,2019.0,6.48,1.416,1.669,79.3,0.4,0.466,0.085,North America
Switzerland,2021.0,3.21,1.505,0.519,65.2,0.679,0.263,0.077,Oceania
Finland,2021.0,5.3,0.331,0.832,82.8,0.408,0.613,,Europe
Canada,2016.0,4.13,1.64,1.111,64.3,,0.421,0.397,Oceania
Canada,2024.0,4.57,0.576,1.564,74.7,0.828,0.132,0.263,South America
Japan,2018.0,7.83,1.338,1.453,75.3,0.311,0.191,0.579,South America
Norway,2020.0,6.23,1.27,1.017,74.6,0.8,0.402,0.251,Europe
Norway,2024.0,3.26,0.725,1.298,79.3,0.599,,0.508,Asia
Switzerland,2016.0,6.7,0.764,1.667,46.6,0.494,0.757,0.133,South America
Japan,2015.0,4.78,0.974,0.924,57.4,0.173,0.18,0.191,Asia
Japan,2017.0,3.26,0.788,1.562,71.3,0.225,0.564,0.269,Asia
Finland,2015.0,3.91,1.719,1.168,72.7,0.575,0.089,0.173,North America
Finland,,3.81,1.386,1.272,42.8,0.853,0.4,0.322,Oceania
Australia,2018.0,6.45,0.795,0.402,55.9,0.614,0.15,0.401,Oceania
Japan,2016.0,7.74,1.225,1.501,62.8,0.118,0.699,0.026,South America
Japan,2019.0,6.61,0.907,0.495,50.9,0.691,0.083,0.349,North America
Canada,,4.44,0.876,1.3,77.4,0.716,0.785,0.287,Europe
Canada,2016.0,6.44,1.904,0.452,49.1,0.812,0.709,0.189,
Germany,2021.0,7.94,1.223,0.755,73.9,0.272,0.286,0.469,North America
Switzerland,,6.9,1.043,0.96,59.8,0.961,0.271,0.112,South America
Japan,2023.0,3.97,0.44,0.994,59.4,0.996,0.144,0.176,Asia
Finland,2020.0,6.14,0.821,1.244,59.2,,0.281,0.025,North America
Australia,2021.0,4.01,1.966,1.727,43.4,0.674,0.291,0.481,Europe
India,2017.0,7.17,1.453,1.013,45.7,0.312,0.516,0.217,Oceania
India,,3.34,1.065,0.919,,0.169,0.11,0.22,North America
Switzerland,2018.0,7.78,0.344,0.66,,0.922,0.094,0.465,South America
Norway,2024.0,4.07,1.858,1.088,45.5,0.868,0.362,0.539,South America
Finland,2020.0,6.17,1.506,1.17,53.1,0.37,0.126,,Europe
Japan,2023.0,3.73,1.975,1.509,50.7,0.545,0.289,0.343,South America
Germany,2017.0,5.87,0.447,0.833,85.0,0.747,0.421,0.461,Oceania
Finland,2017.0,7.85,1.392,1.03,70.6,0.41,0.702,0.468,Oceania
Canada,2017.0,,1.848,0.478,45.6,0.238,0.132,0.194,Europe
Japan,2023.0,7.42,1.738,0.751,68.6,0.596,0.1,0.182,Oceania
Finland,2023.0,6.03,1.306,1.213,47.7,0.662,0.722,0.203,Oceania
India,2015.0,2.95,1.913,1.479,51.9,0.29,0.458,0.371,Asia
USA,2023.0,4.09,1.926,1.076,76.2,0.716,0.238,0.044,Asia
Canada,2022.0,4.79,1.09,0.876,46.5,0.875,0.255,0.593,North America
Brazil,2017.0,6.68,1.175,0.549,50.9,0.21,0.36,0.085,Asia
Switzerland,2021.0,7.25,1.011,1.748,80.6,0.832,0.747,0.433,Europe
Canada,2022.0,7.98,1.094,1.631,62.4,0.181,0.315,0.274,Europe
Norway,2024.0,4.44,0.386,1.093,79.7,0.689,0.376,0.322,Asia
,2017.0,7.35,1.537,1.469,56.5,0.461,0.456,0.117,Oceania
Switzerland,2016.0,4.62,1.066,1.17,77.1,,0.489,0.077,Asia
Brazil,2020.0,6.87,0.876,1.715,74.0,0.279,0.407,0.3,Asia
India,2017.0,6.42,1.667,1.127,46.7,0.904,0.112,0.559,North America
Canada,2021.0,7.95,1.557,0.819,55.1,0.845,0.426,0.425,North America
USA,2015.0,4.53,,1.772,66.3,0.817,0.58,0.413,Asia
Australia,2022.0,3.96,1.415,,66.0,0.305,0.041,0.288,Oceania
Australia,2021.0,3.31,1.457,0.444,82.7,0.199,,0.188,Europe
Brazil,2018.0,4.76,,1.689,79.3,0.762,0.05,0.083,Europe
Germany,2020.0,7.99,1.113,0.928,83.1,0.514,0.427,0.328,North America
Australia,2022.0,3.56,0.719,1.181,50.1,0.976,0.238,,Europe
USA,2020.0,5.14,1.253,1.708,72.5,0.359,0.459,0.326,South America
Japan,,4.1,0.789,1.4,55.6,0.498,0.205,0.287,Europe
Germany,2019.0,7.63,1.483,0.592,67.7,0.628,0.194,0.402,Oceania
Norway,2018.0,2.79,,1.404,44.5,0.794,0.004,0.33,Europe
Brazil,2022.0,5.13,0.639,1.749,54.5,0.681,0.726,0.054,
Norway,2023.0,6.56,1.746,0.452,81.5,0.476,0.67,0.56,Asia
Brazil,2022.0,3.52,1.573,,53.0,0.134,0.239,0.362,North America
Switzerland,2022.0,7.94,1.224,1.091,82.2,0.866,0.374,0.116,Asia
Japan,2017.0,6.52,1.402,1.406,40.6,,0.236,0.405,Europe
Canada,2024.0,7.21,1.825,1.558,63.2,0.178,0.535,0.111,Europe
USA,2020.0,,0.312,0.937,60.1,0.34,0.264,0.349,Oceania
India,2019.0,,1.478,0.487,45.3,0.376,0.324,0.302,North America
Finland,2019.0,4.52,0.675,1.74,,0.509,0.791,0.224,Oceania
USA,2023.0,6.91,1.704,1.467,70.6,0.636,0.63,0.315,Oceania
Japan,2016.0,7.54,0.491,,80.6,,0.429,0.099,Oceania
USA,2016.0,6.24,1.519,1.084,80.5,0.501,0.045,0.079,South America
USA,2024.0,2.82,1.086,1.53,72.5,0.456,0.653,0.447,Oceania
Finland,2015.0,4.83,1.491,1.158,42.7,0.905,0.789,0.283,North America
Brazil,2017.0,6.73,1.602,1.77,69.1,0.478,0.794,,South America
Brazil,2016.0,6.26,1.425,1.155,69.4,0.413,0.143,0.322,Oceania
Canada,,7.09,1.586,1.77,60.8,0.747,0.339,0.228,Europe
Norway,2022.0,4.4,0.769,1.712,72.6,0.202,0.648,0.252,Asia
Norway,2018.0,2.87,1.31,1.025,70.2,0.885,0.196,0.027,South America
Norway,2023.0,,1.768,0.479,62.7,0.36,0.653,0.439,North America
Australia,2024.0,6.75,1.691,0.732,79.4,0.987,0.417,0.248,North America
India,2023.0,7.72,1.796,1.676,68.2,0.484,0.396,0.583,South America
Germany,2020.0,6.33,0.994,0.82,48.3,0.584,0.193,0.135,Europe
USA,2015.0,5.59,1.945,1.18,46.0,0.319,0.163,0.388,
Japan,2016.0,5.45,1.71,0.472,57.0,0.644,0.032,0.044,
Germany,2018.0,,1.778,0.866,83.1,0.114,,0.577,Asia
USA,2018.0,6.33,1.496,0.955,50.8,0.389,,,North America
Switzerland,2019.0,4.48,1.801,1.052,76.1,0.75,0.609,0.192,Europe
Japan,2020.0,4.78,1.256,0.71,46.6,0.335,0.748,0.347,South America
,2017.0,3.58,0.691,1.198,51.1,0.596,0.755,,South America
USA,2022.0,3.43,1.651,0.637,72.4,0.539,0.734,0.325,Asia
Germany,2015.0,7.11,0.426,1.545,42.2,0.106,0.11,0.378,Asia
Canada,2015.0,3.7,1.075,0.485,68.7,0.941,0.73,0.396,Asia
India,2023.0,5.53,0.32,1.141,52.4,0.98,0.014,0.488,
Canada,2016.0,7.55,1.191,0.737,67.9,0.327,,0.477,Asia
Japan,2021.0,5.02,0.713,1.376,53.5,0.845,0.064,0.595,Asia
Finland,2021.0,4.59,1.24,0.479,,0.254,0.4,0.26,North America
Australia,2016.0,7.42,,,80.6,0.723,0.453,0.163,Asia
Switzerland,2023.0,5.6,0.356,1.7,54.2,0.965,0.47,0.451,South America
Finland,2019.0,3.39,0.709,1.569,57.5,,,0.453,Europe
Finland,2023.0,6.6,,0.537,50.4,0.168,0.484,0.368,Oceania
Brazil,2020.0,2.66,0.765,1.79,62.1,,0.753,0.259,Oceania
Brazil,2016.0,6.75,0.802,0.745,43.3,0.341,0.304,0.47,Europe
Brazil,2020.0,4.48,0.456,1.72,60.0,0.785,0.082,0.052,South America
USA,2023.0,5.55,,0.437,55.9,0.184,0.478,0.195,South America
India,2019.0,4.78,1.625,1.415,65.2,0.993,0.194,0.313,
Canada,2017.0,3.98,,0.604,47.5,0.348,0.24,0.47,North America
Switzerland,2018.0,6.46,1.143,1.263,60.6,0.222,0.005,0.237,Oceania
Brazil,2020.0,4.92,1.032,1.553,69.3,0.635,0.24,0.362,
USA,2020.0,3.48,0.977,0.847,73.1,0.67,0.774,0.469,North America
Brazil,2019.0,6.99,0.968,0.559,65.4,0.633,0.437,0.409,Oceania
India,2022.0,7.69,0.656,1.517,77.4,0.162,0.678,0.477,South America
Canada,2019.0,3.83,1.42,1.401,75.5,0.167,0.793,0.288,South America
Germany,2023.0,7.58,1.778,0.986,41.7,0.972,0.561,0.487,Oceania
Finland,2016.0,6.73,1.418,0.897,69.1,0.14,0.787,0.406,South America
Japan,,3.08,0.468,0.711,,0.602,0.55,0.133,North America
Brazil,2022.0,,1.301,1.101,55.5,0.122,0.084,0.25,Asia
Finland,2017.0,4.42,0.883,1.498,63.5,0.413,0.078,0.433,South America
Japan,2016.0,4.15,1.677,0.561,78.2,0.683,0.542,0.099,Europe
Germany,2017.0,5.54,0.863,0.997,60.8,,0.504,,South America
Brazil,2015.0,6.56,1.801,1.029,59.3,0.104,0.172,0.167,Asia
,2016.0,6.9,1.213,0.912,48.9,0.203,0.537,0.294,North America
Australia,2021.0,5.86,1.298,0.887,78.0,0.656,0.651,0.424,North America
Australia,2024.0,2.97,0.528,0.565,53.7,0.265,0.555,0.306,South America
Australia,2017.0,5.66,1.019,1.081,64.2,0.927,,,Europe
USA,,3.27,0.835,1.031,42.4,0.423,0.008,0.082,South America
Germany,2023.0,6.09,0.996,1.088,72.0,,0.134,0.339,Europe
Switzerland,2015.0,4.01,1.214,0.635,60.6,0.768,,0.33,Asia
Australia,2016.0,3.97,1.223,1.787,64.4,0.781,0.608,0.265,Europe
Brazil,2016.0,,1.411,0.747,79.4,,0.21,0.517,Asia
USA,2016.0,6.77,0.703,1.535,66.5,0.416,0.569,0.38,Europe
Australia,2017.0,6.82,1.683,,,0.579,0.477,0.101,North America
Switzerland,2024.0,3.97,1.759,1.78,70.6,0.186,0.77,0.471,Asia
Switzerland,2017.0,6.36,0.526,0.605,54.5,0.323,0.675,0.236,Europe
Australia,2019.0,5.95,0.938,0.506,75.8,0.792,0.322,0.45,North America
USA,2022.0,4.3,0.304,1.484,73.0,0.758,0.367,0.398,North America
Finland,2023.0,,1.946,1.555,62.3,0.391,0.227,0.328,Europe
Australia,2022.0,6.84,1.82,1.467,42.1,0.664,0.669,0.01,Europe
USA,2022.0,2.5,1.929,0.683,71.0,0.219,0.52,0.095,North America
Finland,2020.0,,0.932,1.665,47.4,0.457,0.244,0.42,Europe
Brazil,2016.0,6.37,0.302,1.068,46.0,0.304,0.544,0.006,North America
Finland,2021.0,6.32,1.112,0.721,44.0,0.825,0.083,0.221,North America
Canada,2021.0,6.75,,0.586,84.7,0.229,0.424,0.005,Europe
USA,2020.0,6.47,1.368,0.612,58.5,0.718,0.688,0.052,Asia
Canada,2016.0,5.74,0.953,1.749,54.2,0.226,0.222,0.051,Oceania
Australia,2024.0,6.47,0.784,1.718,41.2,0.862,0.701,0.123,Oceania
Germany,2018.0,6.61,0.802,0.476,80.4,0.959,0.396,0.068,South America
Australia,2016.0,5.41,1.962,1.782,82.0,0.219,0.689,0.341,North America
Germany,2017.0,6.69,1.923,1.479,40.8,0.161,0.21,0.024,Asia
Brazil,2023.0,4.08,1.511,1.474,59.1,0.462,0.512,0.323,
Switzerland,2016.0,4.2,1.169,0.684,76.4,0.583,0.313,0.381,Asia
Switzerland,2021.0,6.51,1.739,0.481,43.9,0.491,0.363,0.365,North America
Canada,2016.0,2.57,0.533,0.416,62.3,0.412,0.414,0.494,North America
Canada,2020.0,,1.628,0.776,79.9,0.794,0.023,0.484,North America
Germany,2016.0,3.95,1.958,1.279,62.3,0.56,0.044,0.516,Europe
Japan,2017.0,3.9,0.475,1.203,72.5,0.306,0.407,0.026,
,2015.0,5.09,0.951,0.61,81.9,0.872,,0.548,South America
Norway,2020.0,3.87,1.857,0.848,77.2,,0.096,0.404,Asia
Canada,2018.0,6.92,,1.736,43.1,0.519,0.226,0.507,North America
Finland,2023.0,5.01,0.927,0.808,75.3,0.766,0.194,0.221,South America
Norway,2023.0,6.68,0.717,0.409,58.5,0.31,0.277,0.504,Asia
Japan,2015.0,6.67,0.94,1.433,53.8,0.285,0.786,0.252,Asia
Canada,2019.0,3.01,1.866,1.656,63.4,0.731,0.298,0.585,Asia
Australia,2016.0,5.28,1.383,0.952,,0.156,0.53,0.078,North America
Switzerland,2020.0,7.59,0.968,1.565,54.7,0.507,0.187,0.566,Europe
Australia,2016.0,3.35,0.579,1.052,58.3,0.582,0.772,0.125,
USA,2019.0,7.19,0.454,1.531,53.7,0.734,0.483,0.129,North America
Canada,2016.0,,1.946,,42.2,0.369,0.656,0.104,South America
USA,2023.0,6.61,0.725,,76.2,0.226,0.01,0.498,Europe
Canada,2018.0,7.03,0.933,1.282,69.0,0.624,0.207,0.488,Asia
Finland,2018.0,7.46,1.054,0.58,80.7,0.846,0.265,0.026,South America
India,2017.0,7.58,1.036,1.414,62.3,0.444,0.341,0.212,Europe
Switzerland,2019.0,4.95,0.553,1.26,67.8,0.683,0.399,0.53,South America
India,2016.0,4.04,0.533,0.679,79.8,0.573,0.505,0.481,Asia
Brazil,,5.14,1.628,0.882,65.5,0.389,0.216,0.016,Oceania
Norway,2015.0,7.43,1.624,0.482,84.6,0.576,0.613,0.6,Europe
Finland,2018.0,,0.753,,81.3,0.15,0.797,0.132,South America
Japan,2017.0,3.47,1.307,1.529,71.4,,0.023,0.42,Oceania
Australia,2017.0,5.6,0.62,1.783,79.7,0.543,0.247,0.294,Asia
India,2018.0,5.81,0.334,1.069,54.9,0.653,0.645,0.204,Europe
Japan,2015.0,2.62,1.297,1.684,74.8,,0.689,0.576,North America
Brazil,2024.0,3.06,0.813,0.591,47.1,0.954,,0.576,North America
Canada,2023.0,,1.879,1.502,50.0,0.63,0.14,0.184,North America
Canada,2017.0,6.51,1.913,1.728,57.6,0.995,,0.019,Oceania
Japan,2024.0,3.71,1.261,1.711,46.3,0.771,0.19,0.589,Europe
Finland,2020.0,4.96,0.751,0.749,43.1,0.331,0.086,0.001,South America
USA,2021.0,7.83,1.804,1.09,57.0,0.591,0.081,0.288,Oceania
Norway,2017.0,4.98,1.659,0.447,40.9,0.335,0.084,0.205,South America
,2016.0,5.51,1.827,,66.7,0.652,0.386,0.019,Europe
Australia,2021.0,3.36,0.472,0.688,48.5,0.727,0.578,0.438,North America
Switzerland,,3.81,0.384,1.2,77.8,0.238,0.289,0.257,North America
Australia,2022.0,3.6,0.344,0.639,53.1,0.174,0.675,0.185,South America
USA,,,0.751,1.299,57.4,0.434,0.305,0.112,Asia
Switzerland,2022.0,5.06,0.685,0.776,42.8,0.777,0.534,0.051,North America
,2021.0,7.84,1.303,1.175,77.8,0.837,0.335,0.321,South America
Australia,2018.0,5.12,0.434,1.664,72.1,0.552,0.72,0.48,Oceania
Canada,2016.0,7.72,1.063,1.729,47.5,0.291,0.154,0.026,Asia
Brazil,2018.0,7.98,1.366,1.568,51.6,0.92,0.731,0.04,South America
Germany,2021.0,5.54,1.756,1.128,81.3,0.111,0.56,0.353,South America
Finland,2021.0,3.32,1.263,1.216,83.4,0.19,0.085,0.468,North America
Germany,2020.0,7.33,0.749,1.317,,0.526,0.138,0.242,Oceania
Australia,2021.0,2.71,1.812,0.864,50.7,0.771,0.737,0.538,
Japan,2019.0,4.21,1.733,1.602,70.8,0.975,0.182,0.18,South America
Japan,2019.0,6.51,1.328,0.525,59.9,0.922,0.326,0.291,Oceania
Japan,2015.0,5.33,0.57,0.836,,,0.681,0.528,Asia
Canada,2018.0,7.31,,0.481,41.5,0.146,0.288,0.119,North America
USA,2023.0,4.68,1.869,1.354,50.9,0.54,0.357,0.576,South America
Australia,,4.42,0.578,1.652,73.7,0.72,0.228,0.232,Europe
Australia,2018.0,7.21,1.401,1.349,52.1,0.469,0.016,0.468,Asia
USA,2017.0,6.06,1.322,0.412,51.4,0.825,0.244,0.58,North America
Brazil,,7.18,,0.705,53.6,0.569,0.499,0.351,Asia
Germany,2020.0,5.59,1.309,0.796,70.8,0.534,0.269,0.166,North America
Switzerland,2019.0,6.11,1.919,1.312,48.5,0.566,0.192,,Oceania
Brazil,2020.0,,1.526,1.318,84.9,0.333,0.335,0.233,Asia
Australia,2024.0,6.99,0.883,1.399,70.9,0.674,0.381,0.564,North America
Germany,2019.0,7.15,1.729,1.627,48.2,0.188,0.102,0.155,Oceania
Canada,2020.0,6.1,0.678,0.713,79.2,0.478,0.709,0.223,Oceania
Switzerland,2022.0,7.18,1.1,1.613,66.3,0.95,0.057,0.534,Oceania
Finland,2021.0,5.41,1.002,1.619,46.8,0.993,0.274,0.592,South America
Canada,,7.24,0.607,0.513,55.0,0.988,0.251,0.035,South America
Switzerland,2018.0,6.69,0.587,1.47,62.0,0.787,0.07,0.369,South America
Brazil,2021.0,7.81,0.952,0.453,,0.436,0.011,0.193,Oceania
Norway,2015.0,6.22,1.365,0.748,71.2,0.41,0.103,0.23,Oceania
Switzerland,2017.0,2.86,0.378,1.728,60.5,0.568,0.419,0.26,Europe
Japan,,4.48,0.62,1.727,81.3,0.463,0.183,0.436,Europe
Norway,2015.0,5.74,0.587,0.913,69.3,0.134,0.701,,Oceania
Australia,2015.0,5.77,,0.551,77.6,0.143,0.093,0.267,Asia
Germany,2019.0,5.11,0.56,1.373,68.4,0.371,0.529,0.397,North America
Australia,2024.0,6.35,1.012,1.658,63.0,0.656,0.226,0.471,South America
Norway,2024.0,3.6,0.747,1.132,49.1,0.733,0.236,0.024,South America
Norway,2022.0,4.32,0.305,1.34,80.8,0.852,0.535,0.089,Asia
Germany,2016.0,6.48,0.472,0.758,50.4,0.99,0.237,0.279,Asia
Canada,2015.0,7.19,0.912,1.347,59.2,0.204,0.681,0.534,Asia
Canada,2017.0,,1.821,1.737,52.1,0.76,0.298,0.206,Asia
Brazil,2021.0,7.79,0.762,0.94,78.3,,0.519,0.478,Asia
Canada,2015.0,7.9,1.735,0.545,81.0,0.534,0.455,0.263,Oceania
Brazil,2020.0,5.86,1.766,1.632,72.7,0.903,0.386,,South America
USA,2015.0,2.85,1.413,0.417,79.1,0.572,0.595,0.434,Europe
Japan,2023.0,5.38,1.491,0.533,69.8,0.324,0.277,0.406,South America
Canada,2023.0,7.41,1.342,0.416,82.0,0.555,0.375,0.298,Europe
Finland,2022.0,4.26,0.863,,62.8,0.595,0.303,0.49,Asia
USA,2022.0,6.91,1.062,1.599,60.1,0.207,0.398,,Asia
Brazil,2021.0,2.7,1.233,1.556,,0.967,0.51,0.534,
Norway,2022.0,7.73,0.918,0.476,50.0,0.509,0.448,0.372,South America
Japan,2022.0,3.13,1.591,0.71,55.4,0.847,0.772,0.175,Oceania
Japan,2016.0,2.75,0.579,0.597,72.3,0.749,0.086,0.367,Europe
Finland,2021.0,3.69,1.702,0.667,55.2,0.781,0.037,0.38,Oceania
Finland,2022.0,5.02,1.302,1.106,83.4,0.104,0.589,0.332,South America
Australia,2022.0,7.58,1.628,1.674,71.1,0.256,0.652,0.062,Oceania
Australia,2020.0,5.27,0.954,1.771,81.2,0.786,0.219,0.578,North America
USA,2017.0,3.26,1.324,1.641,63.1,0.859,0.438,0.188,Oceania
Norway,2018.0,3.65,,1.361,81.5,0.219,0.568,0.585,Europe
Germany,2023.0,6.32,,0.562,55.9,0.532,0.457,0.4,
Germany,2019.0,7.33,1.018,0.418,44.8,0.443,0.042,0.034,North America
Canada,2019.0,6.26,0.549,0.487,75.3,0.284,0.433,0.215,South America
Finland,2024.0,7.27,1.557,1.611,73.4,0.605,0.19,0.471,North America
India,2021.0,4.63,1.926,1.766,54.1,0.597,0.01,0.151,Oceania
USA,2018.0,7.51,1.498,1.307,74.0,0.592,0.483,0.466,
Switzerland,2022.0,3.48,1.461,0.662,47.8,0.562,0.302,0.257,Oceania
Switzerland,2017.0,3.39,1.738,0.408,61.0,0.944,0.032,0.557,Oceania
India,2024.0,7.14,0.812,1.506,64.8,0.166,0.566,0.315,Europe
Germany,2016.0,6.82,0.571,1.16,58.2,0.414,0.707,0.398,North America
Japan,2019.0,3.7,1.58,1.143,84.8,0.841,0.785,0.005,North America
USA,2018.0,7.47,1.343,,83.2,0.714,0.257,0.55,Asia
,2019.0,5.47,0.781,1.676,77.0,0.437,,0.267,Asia
Switzerland,2018.0,4.26,0.44,0.534,83.7,0.796,0.427,0.376,Europe
Norway,2021.0,7.1,0.649,1.56,79.5,0.767,0.348,0.49,Asia
Canada,2015.0,5.03,0.864,0.523,42.4,0.815,0.446,0.345,Europe
Switzerland,2021.0,4.63,1.371,1.006,,0.706,0.428,0.385,Oceania
Finland,2024.0,2.75,1.742,0.901,,0.361,0.549,0.364,North America
,2021.0,4.67,1.423,1.064,64.0,0.223,0.313,0.478,Oceania
Switzerland,2017.0,4.14,1.808,1.752,79.0,0.683,0.766,0.007,Oceania
Canada,2016.0,2.73,1.274,0.952,64.6,,0.168,0.445,North America
Norway,2021.0,7.48,1.747,0.599,48.3,0.655,0.202,0.069,Oceania
India,2023.0,5.04,1.234,0.807,43.0,,0.58,0.292,North America
Japan,2017.0,6.19,0.699,0.799,43.1,0.274,,,North America
Australia,2017.0,5.61,0.92,,59.3,0.104,0.197,0.133,South America
Switzerland,2020.0,3.24,1.546,1.629,60.8,0.423,0.244,0.331,Europe
Australia,2016.0,7.13,1.76,0.596,64.2,0.337,0.709,0.046,Asia
India,2023.0,5.97,1.681,1.21,74.6,0.291,0.029,0.156,Oceania
USA,2017.0,4.51,0.68,1.481,73.0,0.362,0.372,0.306,South America
Japan,2023.0,2.56,0.706,1.75,84.2,0.716,0.606,0.084,Europe
Canada,2024.0,7.72,1.421,1.755,73.1,0.535,0.287,0.131,South America
Norway,2016.0,3.95,0.698,1.336,63.3,0.812,0.31,0.551,Asia
India,2020.0,3.07,1.946,1.287,52.3,0.768,0.463,0.342,South America
Brazil,,5.73,1.827,0.509,51.3,0.975,0.178,0.244,North America
USA,2022.0,7.38,,1.635,59.8,0.307,0.412,0.168,Europe
,2017.0,4.49,1.519,0.566,50.4,0.83,0.576,0.289,South America
USA,2018.0,5.75,1.4,0.975,51.0,0.215,0.474,0.081,Oceania
India,2024.0,3.31,0.583,1.691,63.2,0.465,0.775,0.383,North America
Finland,2018.0,4.97,1.988,1.614,47.7,0.847,0.481,0.477,Europe
Australia,2023.0,3.95,1.531,0.88,60.4,0.632,0.184,,Asia
India,2018.0,5.37,1.846,1.358,77.2,0.645,0.142,0.541,Oceania
India,2023.0,5.27,0.5,1.075,45.9,0.643,0.662,0.538,South America
Germany,2021.0,4.54,0.374,1.142,50.3,0.822,0.632,0.229,Oceania
Australia,2016.0,4.84,0.733,1.472,81.0,0.175,0.479,0.326,North America
Norway,2015.0,6.4,1.642,1.209,45.3,0.106,0.524,0.413,North America
Brazil,2020.0,3.09,1.024,1.22,51.8,,0.452,0.367,South America
Norway,2021.0,,1.248,0.65,65.2,0.535,,0.347,South America
Canada,2016.0,6.61,1.059,1.379,47.3,0.293,0.32,0.203,Oceania
Australia,2015.0,3.38,1.94,0.407,44.1,0.231,0.741,0.261,Asia
Switzerland,2018.0,4.54,1.335,1.414,81.9,0.461,0.525,0.172,Oceania
India,2017.0,6.02,1.046,0.682,69.6,0.824,0.229,0.02,Oceania
Germany,2023.0,6.34,1.346,1.344,56.2,0.69,0.781,0.052,North America
,2020.0,6.18,0.989,0.68,40.7,0.733,0.735,0.33,Oceania
Australia,2020.0,4.41,1.686,0.717,83.3,0.509,0.323,0.003,Europe
Brazil,2023.0,3.09,0.423,0.812,82.6,0.823,0.765,0.526,
Switzerland,,7.81,1.257,1.478,74.1,0.965,0.367,0.276,Oceania
India,2022.0,3.14,0.415,1.287,84.7,0.709,0.184,0.189,North America
Germany,2023.0,2.55,1.715,0.748,44.2,0.706,0.657,0.046,Europe
USA,2020.0,4.44,1.82,0.777,82.6,0.715,0.728,0.299,
,2018.0,7.3,0.652,0.684,51.2,0.657,0.125,0.064,Asia
USA,2024.0,2.54,1.757,1.741,78.2,0.434,0.252,0.539,Oceania
Switzerland,2022.0,3.51,1.599,,57.9,0.775,0.103,0.315,South America
USA,2023.0,,0.89,1.605,74.9,0.511,0.096,0.311,North America
India,2015.0,6.21,0.945,0.541,56.3,0.876,0.15,0.158,North America
USA,2024.0,4.39,0.613,0.994,58.9,0.777,0.292,0.24,South America
Canada,2024.0,3.22,1.279,0.72,44.5,0.343,0.189,,South America
Norway,2017.0,6.9,1.556,,40.4,0.479,0.108,,Oceania
Germany,2020.0,6.82,0.81,1.187,65.6,0.459,0.552,0.036,North America
USA,2016.0,4.97,0.869,0.905,65.2,0.939,0.206,0.012,Asia
Japan,2024.0,3.59,1.279,,47.9,0.802,0.284,0.404,South America
USA,,4.6,0.787,,46.5,0.251,0.646,0.202,Oceania
Australia,2021.0,7.17,0.421,0.627,50.3,0.385,0.233,0.16,South America
Switzerland,2022.0,6.8,1.896,1.447,63.4,0.505,0.134,0.513,Europe
Norway,2019.0,,1.491,0.512,47.5,0.193,0.051,0.527,Oceania
India,2015.0,6.74,1.191,1.794,44.7,0.656,0.067,0.559,South America
,2018.0,,0.783,1.277,,0.855,0.023,0.398,North America
USA,2022.0,7.86,1.219,0.781,60.0,0.973,0.558,0.106,Oceania
USA,2024.0,4.89,1.388,1.147,80.9,0.533,0.182,0.054,North America
Japan,2021.0,3.93,0.816,0.4,76.7,0.863,0.275,0.282,Asia
USA,2022.0,4.15,1.602,1.517,66.9,0.817,0.439,0.113,Oceania
Brazil,2021.0,3.87,,1.304,77.3,0.299,0.063,0.375,Oceania
Australia,2019.0,4.07,1.563,1.532,58.6,0.868,0.146,0.174,South America
,2022.0,4.0,1.359,0.663,40.9,0.145,0.428,0.112,Asia
Switzerland,2019.0,3.19,1.045,0.411,44.1,0.113,0.174,0.252,South America
Japan,,,0.354,0.512,73.8,0.231,0.213,0.235,Oceania
USA,2017.0,3.56,1.731,1.544,77.3,0.21,0.615,0.149,South America
Norway,2015.0,3.6,1.55,0.532,70.0,0.288,0.311,0.577,North America
Canada,2015.0,6.6,1.234,0.571,61.7,0.369,0.288,0.031,
Finland,2018.0,5.98,0.852,0.634,52.4,0.208,0.631,0.005,Asia
Australia,2022.0,6.29,0.563,1.479,,0.55,0.549,0.203,Asia
India,2020.0,6.05,1.492,,45.7,0.309,0.785,0.473,North America
USA,,2.62,0.942,1.414,51.3,0.136,0.565,0.335,Oceania
USA,2018.0,5.62,1.224,0.853,61.1,0.881,,0.516,
Finland,2023.0,3.35,0.803,0.769,56.5,0.101,0.51,0.227,
India,2024.0,7.21,1.619,0.734,72.4,0.692,0.431,0.232,Oceania
USA,2023.0,3.35,0.781,0.974,54.5,0.187,0.527,0.026,Europe
Canada,2015.0,3.61,1.125,0.538,65.7,0.853,0.526,0.315,Oceania
Switzerland,2015.0,4.51,,,81.9,0.288,0.393,0.534,Asia
USA,2015.0,4.49,1.564,1.647,77.0,0.815,0.047,0.37,
India,2016.0,7.09,0.432,0.702,63.4,0.191,0.185,0.231,Europe
Germany,2018.0,5.64,1.911,1.182,65.1,0.771,0.613,0.346,South America
Brazil,2016.0,3.42,0.607,0.962,,0.242,0.799,0.266,North America
,2023.0,7.95,0.852,0.92,74.4,0.488,0.581,0.365,Oceania
Germany,2018.0,4.56,1.235,1.442,56.2,0.507,0.768,0.0,Asia
Switzerland,2024.0,2.59,0.53,1.646,40.3,0.986,0.172,0.189,North America
Germany,2023.0,5.56,1.874,0.617,41.7,0.42,0.111,0.22,Oceania
Norway,2018.0,3.91,0.811,1.199,65.6,0.296,0.062,0.195,South America
Canada,2022.0,7.04,1.472,1.207,,0.636,0.24,0.438,Oceania
Brazil,2016.0,6.79,1.867,0.868,79.6,0.491,,0.072,Europe
Australia,2015.0,5.99,1.375,0.476,63.6,0.387,0.452,0.196,Europe
Canada,2015.0,6.2,1.996,1.759,73.9,0.618,0.072,0.259,South America
,2017.0,4.35,1.109,1.443,64.7,0.336,0.319,,Europe
Canada,2022.0,5.58,1.129,1.313,48.8,0.654,0.589,0.148,Asia
,2021.0,4.28,,0.525,70.2,0.481,0.279,0.192,Oceania
India,2019.0,3.43,0.895,1.55,76.1,0.661,0.352,,Europe
Norway,2020.0,3.36,1.538,,73.3,0.319,0.497,0.089,
India,2020.0,6.32,0.489,1.03,41.0,0.288,0.43,0.122,Oceania
Switzerland,2023.0,5.16,1.541,0.598,71.4,0.117,0.466,0.398,Asia
Switzerland,2017.0,2.83,0.641,1.375,52.2,0.518,,0.04,North America
Japan,2016.0,2.6,1.775,1.309,50.4,0.443,0.781,0.06,North America
USA,2024.0,5.42,0.617,1.101,60.6,0.934,0.017,0.148,Oceania
Switzerland,2020.0,5.19,1.565,0.426,70.8,0.42,0.242,0.598,Oceania
Switzerland,2015.0,5.94,1.794,1.647,76.7,0.127,0.444,,Europe
Japan,2021.0,6.11,0.449,0.935,83.2,0.651,0.5,0.136,Europe
Australia,2017.0,4.85,,1.248,60.2,0.219,,0.349,Europe
Canada,2019.0,6.29,1.828,1.673,59.4,0.918,0.616,0.394,Oceania
Canada,2020.0,2.87,1.206,1.407,48.3,0.856,0.116,0.018,North America
Brazil,2021.0,4.17,1.568,1.55,68.7,0.765,0.122,0.113,Europe
Canada,2015.0,6.69,1.34,0.774,65.5,0.308,0.186,0.412,North America
Finland,2022.0,3.24,1.738,1.056,69.2,0.266,0.31,0.284,Europe
Norway,2018.0,2.68,1.6,0.421,52.1,0.472,0.594,0.593,Europe
Finland,2017.0,7.6,1.976,1.614,62.0,0.392,0.366,0.148,South America
India,2024.0,6.54,0.947,0.838,67.5,0.768,0.475,0.315,Asia
Germany,2016.0,4.98,1.706,0.459,84.8,0.567,0.316,0.441,Oceania
Brazil,2023.0,6.71,,0.666,59.8,0.896,0.619,0.172,Europe
Brazil,2019.0,5.87,0.393,1.124,,0.847,0.361,0.434,Asia
Canada,2024.0,7.66,1.483,0.589,58.6,0.506,0.143,0.354,Europe
USA,2016.0,3.88,1.476,1.67,75.8,0.747,0.099,0.068,South America
Japan,2016.0,5.38,0.953,1.507,63.0,0.955,0.303,0.228,Europe
Japan,2024.0,7.29,,0.627,46.5,0.792,0.041,0.185,South America
Switzerland,2017.0,3.15,0.524,0.684,68.0,0.328,0.367,0.513,Oceania
India,2024.0,7.35,0.704,1.224,61.4,0.469,0.064,0.36,
Germany,2019.0,5.91,1.248,1.555,42.2,0.233,0.523,0.022,Asia
,2024.0,4.14,1.865,0.469,58.8,0.26,0.538,0.367,Oceania
Australia,2023.0,3.48,1.074,1.211,81.9,0.184,0.239,0.221,South America
Finland,2021.0,7.14,0.41,1.059,45.5,0.873,0.263,0.248,Europe
Norway,2024.0,2.82,1.271,1.771,,0.179,0.579,0.363,North America
,2024.0,7.16,0.741,1.205,68.0,0.934,0.491,0.298,South America
USA,2017.0,7.36,0.696,0.807,48.7,0.206,0.372,0.478,Europe
Australia,2021.0,4.78,0.867,1.185,68.7,0.11,0.161,0.169,Asia
,2019.0,5.29,,0.409,70.9,0.407,0.58,0.37,Asia
Canada,2018.0,4.32,0.874,1.341,81.2,0.818,0.517,0.289,
Germany,,5.04,1.684,1.699,42.5,0.569,0.452,0.407,Oceania
Germany,2015.0,3.65,1.465,1.519,,0.418,0.776,0.168,Asia
Japan,2021.0,5.95,1.732,1.199,57.5,0.636,0.692,0.451,North America
,2019.0,4.78,1.145,0.733,60.3,0.956,,0.181,Asia
Japan,2015.0,6.78,1.853,1.021,41.1,0.534,0.4,0.114,South America
Germany,2019.0,6.77,0.544,,77.0,0.944,0.541,0.08,Asia
USA,2021.0,6.43,1.188,0.406,82.0,0.718,0.475,,South America
India,2016.0,5.36,1.42,0.837,66.0,0.381,0.714,0.193,Europe
Switzerland,2019.0,5.43,1.614,1.34,52.3,0.242,0.092,0.575,Oceania
Germany,2016.0,3.64,,0.846,46.4,0.734,0.227,0.147,Asia
Switzerland,2024.0,7.41,1.219,0.471,41.3,0.913,0.04,,Asia
Brazil,2021.0,3.48,1.313,1.23,,0.729,0.493,0.187,Europe
Germany,2016.0,7.86,,1.052,45.9,0.832,,,South America
Switzerland,2022.0,5.09,1.911,0.601,80.3,0.332,0.291,0.11,North America
Japan,2022.0,5.18,0.411,0.558,,0.861,0.226,0.209,Oceania
Canada,2023.0,3.07,1.69,1.515,54.7,,0.634,0.32,South America
Australia,2021.0,3.81,0.714,0.623,61.7,0.159,0.167,0.416,South America
Brazil,2024.0,6.83,1.226,0.731,69.8,,0.745,0.345,South America
Finland,2024.0,5.78,0.853,0.537,60.0,0.377,0.325,0.359,Oceania
Brazil,2020.0,5.22,1.422,0.527,76.8,0.899,0.723,0.382,Asia
Canada,2017.0,4.99,0.796,1.262,60.1,,0.702,0.18,North America
Brazil,2020.0,7.95,1.291,1.256,63.0,0.863,0.682,0.037,Oceania
India,2015.0,6.37,1.695,0.903,78.8,0.879,0.188,,South America
Japan,2021.0,4.73,1.04,0.696,47.8,0.225,0.444,0.506,North America
Brazil,2017.0,4.09,1.784,0.576,40.5,0.684,0.115,0.531,South America
Canada,2016.0,3.25,1.67,1.604,80.2,0.726,0.744,0.374,South America
Germany,2021.0,5.54,1.065,0.897,48.4,0.644,0.462,0.508,Europe
Germany,2019.0,4.76,1.228,0.914,84.0,0.611,0.564,0.068,South America
Finland,2017.0,6.52,1.195,1.603,73.8,0.351,0.414,0.314,Oceania
Finland,2018.0,5.1,1.561,1.745,43.5,0.67,0.638,0.187,Asia
Japan,2023.0,6.78,1.097,1.118,61.1,0.76,0.337,0.576,North America
Switzerland,2017.0,2.69,1.869,1.449,72.7,0.607,0.049,0.284,Europe
Australia,2015.0,6.11,0.796,1.432,41.2,0.536,0.101,0.046,North America
Switzerland,2017.0,5.89,0.768,0.76,73.4,0.643,0.728,0.443,South America
Japan,2017.0,3.94,1.491,1.079,76.0,0.876,0.274,0.051,Europe
,2017.0,7.11,1.58,0.978,57.2,0.695,0.581,0.1,Oceania
Japan,2015.0,6.03,1.584,0.562,47.5,0.459,0.241,0.448,Oceania
Norway,2021.0,6.26,0.963,0.768,63.9,0.491,0.231,0.478,South America
Japan,2023.0,6.26,0.37,1.685,68.7,0.961,0.345,0.551,North America
Japan,2019.0,3.97,0.467,1.316,57.6,0.796,0.599,0.441,Oceania
Norway,2023.0,4.36,1.473,0.652,64.6,0.706,0.665,0.007,Asia
Germany,2016.0,6.27,0.898,1.415,51.3,0.131,0.496,0.034,Oceania
Norway,2024.0,6.01,1.504,0.568,78.5,,0.525,0.54,Oceania
Canada,2016.0,6.33,0.731,1.054,82.1,0.675,0.738,0.166,South America
Japan,2019.0,3.39,0.426,1.488,57.2,0.399,0.048,0.573,North America
,2022.0,2.88,1.965,0.681,57.7,,0.087,0.324,South America
Norway,2024.0,6.04,1.851,1.402,44.6,,0.457,0.15,
India,2022.0,3.32,1.389,1.706,69.9,0.34,0.56,0.543,Oceania
India,2023.0,6.39,1.611,1.069,58.2,0.755,0.65,0.042,Europe
India,2021.0,7.75,1.691,1.075,65.5,0.942,0.287,0.409,South America
India,2016.0,4.51,1.751,0.876,77.9,0.784,0.232,,Oceania
India,2021.0,6.13,0.808,0.946,44.8,0.72,0.389,0.531,South America
Norway,2017.0,2.7,0.343,1.795,50.7,0.45,0.634,0.386,South America
Germany,,7.82,0.328,0.875,,0.749,0.324,0.127,Oceania
USA,2023.0,3.32,1.285,1.695,41.7,0.227,0.523,0.283,Oceania
India,2018.0,6.36,0.522,0.641,42.2,,0.635,0.274,Europe
Australia,2016.0,7.0,0.481,1.096,76.0,0.299,0.644,0.256,South America
Japan,,7.87,1.279,0.592,77.6,0.814,0.611,0.356,North America
Finland,2016.0,4.01,1.588,0.635,56.6,0.249,0.195,0.349,Europe
Finland,2024.0,4.57,0.568,1.631,43.6,0.107,0.741,0.424,Oceania
Switzerland,,6.31,1.647,1.066,45.7,0.229,0.217,0.27,Europe
,2024.0,6.3,1.314,1.404,67.5,0.179,0.661,0.181,South America
,2023.0,3.8,0.5,1.142,44.3,0.426,,0.324,Europe
USA,2018.0,4.02,,1.515,70.8,0.972,0.38,0.106,Asia
India,2020.0,4.07,1.039,0.868,76.2,0.783,0.035,0.444,Oceania
Canada,2017.0,6.82,1.125,0.562,80.3,0.749,0.474,0.196,Europe
Japan,2018.0,,0.854,0.537,73.2,0.883,0.3,0.132,South America
Australia,2022.0,2.8,1.041,0.703,67.4,0.26,0.299,,Europe
Japan,2019.0,3.61,0.516,1.369,42.7,0.223,0.681,0.275,Europe
Japan,2018.0,7.38,1.326,1.505,68.7,0.65,0.136,0.582,Europe
Finland,2021.0,7.21,1.132,1.794,66.6,0.853,0.223,0.438,Europe
,2020.0,4.89,0.678,1.698,82.6,0.922,0.719,0.251,Asia
India,2022.0,6.53,1.157,0.996,57.7,0.829,0.557,0.059,South America
Norway,2016.0,5.57,0.321,1.425,82.7,0.219,0.237,0.389,Asia
India,2022.0,6.18,,1.043,65.7,0.625,,0.278,Europe
Brazil,2017.0,6.84,0.93,1.05,68.5,0.874,0.057,0.536,North America
,2015.0,4.13,1.58,1.377,67.6,0.618,0.166,0.411,Oceania
Japan,2015.0,5.33,1.847,0.91,42.3,0.445,0.372,0.025,North America
Canada,2023.0,6.38,1.253,1.483,46.2,0.401,0.432,0.389,Oceania
Norway,2018.0,4.26,1.826,1.105,59.0,0.149,0.298,0.271,Oceania
,2016.0,5.09,1.204,1.556,80.5,0.507,0.295,0.404,Asia
Norway,2022.0,2.98,0.964,0.65,83.1,0.169,0.132,0.067,Europe
USA,,7.31,1.185,1.278,53.2,0.973,0.433,0.079,North America
Brazil,2022.0,6.56,0.337,0.665,41.0,0.822,0.668,0.312,North America
Brazil,2024.0,4.39,1.398,0.857,66.7,0.727,0.674,0.267,North America
Australia,2017.0,7.44,0.821,1.505,50.2,0.435,0.231,0.507,Europe
Japan,2019.0,5.01,0.583,1.694,72.0,0.357,0.779,0.504,Europe
Canada,2018.0,3.14,1.989,1.204,59.8,0.433,0.164,0.424,
,2017.0,,1.218,0.628,53.6,0.928,0.324,0.3,Europe
USA,2020.0,3.36,1.949,1.165,62.8,0.683,0.236,0.538,Oceania
Canada,2024.0,6.51,1.868,0.874,45.1,0.531,0.032,0.407,Asia
Switzerland,2015.0,4.71,1.729,,44.2,0.15,0.513,0.35,Europe
Switzerland,2018.0,2.62,,1.024,70.2,0.179,0.409,0.117,North America
Australia,2024.0,5.31,0.395,1.333,,0.744,0.342,0.232,Asia
Switzerland,2020.0,4.43,1.962,1.624,43.9,0.755,0.355,0.596,South America
Switzerland,2017.0,6.93,1.95,0.993,,0.226,0.47,,Europe
Switzerland,2022.0,7.94,1.193,0.87,82.0,0.632,0.301,0.004,North America
Brazil,2017.0,5.56,1.507,1.457,46.2,0.267,0.305,0.332,Asia
Switzerland,2024.0,4.17,1.251,1.049,41.2,0.102,0.21,0.574,South America
Finland,2019.0,4.79,1.136,1.363,51.0,0.207,0.222,0.597,Asia
Australia,2020.0,5.7,1.261,1.616,68.3,0.528,,0.072,Oceania
,2015.0,,0.577,0.482,54.4,0.89,0.108,0.098,North America
Japan,2021.0,6.0,1.924,0.468,53.1,0.675,0.061,0.116,Europe
Finland,2024.0,6.64,1.224,1.621,77.2,0.716,0.241,0.411,North America
Finland,2023.0,5.69,1.7,0.418,63.3,0.436,0.388,0.204,Europe
Finland,2018.0,3.35,0.676,0.664,80.4,0.652,0.665,0.315,Oceania
Germany,2016.0,4.8,1.857,0.563,45.9,0.116,,0.415,Europe
USA,2024.0,5.38,1.949,0.641,53.7,0.77,0.095,0.077,Europe
Norway,2019.0,3.19,0.521,0.51,71.1,0.806,0.062,0.465,South America
,2018.0,3.09,1.648,,42.7,0.207,0.202,0.04,Asia
,2016.0,7.56,0.649,1.662,48.3,0.416,0.073,0.508,North America
Australia,2020.0,4.44,1.754,1.493,,0.554,0.055,0.492,Asia
Germany,2018.0,,1.939,0.64,73.9,0.104,0.58,0.555,Oceania
USA,2020.0,6.34,0.615,1.343,44.8,0.851,0.785,0.254,Oceania
Norway,2021.0,3.12,1.974,0.573,45.0,0.222,0.61,0.423,Oceania
India,2016.0,4.3,0.497,0.797,67.0,0.381,0.781,0.266,Oceania
Brazil,2019.0,7.92,1.028,1.599,,0.822,0.751,0.22,Asia
USA,2016.0,4.68,1.189,1.347,,0.455,0.556,0.587,Europe
Finland,2020.0,7.86,0.876,1.233,84.6,0.21,0.67,0.435,North America
Australia,2024.0,4.0,1.642,1.301,58.0,0.528,0.483,0.243,South America
,2019.0,3.31,1.073,0.571,62.0,0.308,0.754,0.018,Asia
Finland,2022.0,6.23,1.953,0.936,70.6,0.237,0.498,0.058,Asia
Germany,,6.86,0.643,1.327,62.1,0.335,0.275,0.516,Oceania
India,2015.0,7.95,1.796,0.567,,0.868,0.354,0.022,Europe
Germany,2019.0,7.37,0.579,1.003,54.1,0.45,0.611,0.341,South America
Germany,2023.0,5.65,1.109,1.596,,,,0.583,Oceania
Japan,2019.0,4.26,0.348,0.463,77.7,0.414,0.594,0.016,North America
,2016.0,4.85,1.986,0.977,42.5,0.32,0.188,0.187,Asia
Finland,2019.0,3.13,0.589,1.154,41.7,0.692,0.338,0.309,South America
Switzerland,2015.0,6.33,1.3,1.78,57.0,0.451,0.458,0.485,Asia
Norway,2020.0,5.23,1.679,1.334,47.5,0.37,,0.121,Asia
Germany,2018.0,4.08,0.381,1.795,58.1,0.303,0.594,0.055,Oceania
,2024.0,4.35,0.414,1.522,61.4,0.289,0.637,0.391,North America
Germany,2019.0,4.88,1.218,0.68,58.1,0.662,,0.458,Europe
India,,7.24,1.281,0.698,83.3,0.768,0.374,0.562,Oceania
Australia,2021.0,7.64,1.535,0.484,49.0,0.516,0.192,,North America
Brazil,2021.0,4.25,1.711,0.49,49.2,0.471,0.659,0.388,North America
Australia,,,0.493,0.669,51.1,0.845,0.371,0.336,South America
Brazil,2015.0,3.61,0.764,0.441,75.5,0.35,0.441,0.387,Asia
USA,2015.0,2.8,1.824,,53.4,0.157,0.764,0.538,Asia
Brazil,2017.0,3.8,1.271,1.1,45.4,0.698,0.464,0.465,Oceania
Switzerland,2022.0,7.37,0.705,0.571,76.3,0.396,0.467,0.234,Europe
Brazil,2018.0,3.29,0.598,1.758,59.8,0.329,0.472,0.294,North America
Finland,2020.0,5.5,1.107,0.745,52.5,0.806,0.116,0.285,North America
Switzerland,2015.0,6.05,1.839,0.449,73.3,0.819,0.044,0.55,Europe
Switzerland,2023.0,4.62,1.386,1.381,80.6,0.717,0.428,0.142,South America
Brazil,2015.0,7.5,0.968,1.769,51.5,0.181,0.658,0.141,Europe
Canada,2022.0,5.97,1.795,1.473,58.3,0.13,0.693,,South America
USA,2021.0,7.6,0.866,0.991,,0.19,0.128,0.157,
Japan,2021.0,5.81,1.683,1.433,60.4,0.125,0.042,0.385,South America
Canada,2015.0,4.7,1.368,0.839,43.7,0.242,0.413,0.582,Europe
Australia,2021.0,6.86,0.843,1.07,73.1,0.335,0.55,0.496,North America
,,4.78,0.609,1.627,82.5,0.896,0.18,0.569,Oceania
Australia,2018.0,7.49,1.956,,71.6,0.252,0.321,0.257,North America
Canada,2016.0,7.77,0.589,1.194,40.6,0.573,0.619,0.557,South America
Finland,2018.0,6.42,0.624,1.607,,0.359,0.395,0.078,Europe
Australia,2018.0,7.97,0.781,1.348,58.8,0.468,0.117,0.174,North America
Norway,2024.0,4.98,0.722,1.216,69.1,,0.375,,South America
Norway,2021.0,6.4,1.551,0.759,44.3,0.153,0.266,0.141,North America
Australia,2024.0,6.4,1.677,0.408,62.7,0.443,0.782,0.403,Europe
Germany,2015.0,5.69,0.742,1.105,81.9,0.89,0.106,0.19,Oceania
Brazil,2017.0,3.93,0.833,1.77,62.5,0.976,0.225,0.216,South America
Switzerland,2019.0,5.87,1.595,0.769,54.1,0.903,0.252,0.597,Europe
Germany,2022.0,2.79,0.553,0.722,41.6,0.334,0.565,0.262,South America
India,2022.0,4.46,1.505,1.079,62.2,0.861,0.694,0.074,Asia
Norway,2019.0,,0.586,1.112,52.3,0.902,0.469,0.35,Asia
,2024.0,3.49,1.865,0.745,62.4,0.185,,0.171,Asia
Brazil,2020.0,5.75,1.917,1.572,46.9,0.173,0.665,0.396,South America
Switzerland,2024.0,6.12,0.86,0.461,68.0,0.508,0.758,0.6,Oceania
Canada,2018.0,7.25,1.663,0.796,75.9,0.769,0.438,0.361,Asia
Brazil,2019.0,3.48,1.941,1.612,44.0,0.867,0.13,0.468,North America
Canada,2016.0,4.14,1.662,1.43,81.5,0.913,0.483,0.215,Asia
Japan,2023.0,3.6,1.057,0.943,52.1,0.64,0.072,0.254,North America
Australia,2017.0,4.89,1.024,0.457,55.4,0.517,0.179,0.412,Europe
USA,2023.0,5.96,1.192,0.807,59.7,0.916,0.382,,
Switzerland,2018.0,5.38,0.802,0.467,43.4,0.141,,0.255,Asia
USA,2024.0,6.97,0.904,1.22,74.6,0.115,0.592,0.278,Europe
Brazil,2015.0,2.96,1.79,0.817,66.4,0.509,0.536,0.374,North America
Japan,2017.0,3.66,0.433,1.775,51.7,,0.347,0.011,South America
Finland,2015.0,3.44,1.111,,79.1,0.969,0.482,0.292,Oceania
Australia,2020.0,6.3,,1.345,76.2,0.179,0.108,0.114,Asia
,2015.0,3.65,1.403,1.31,59.6,0.663,0.632,0.115,North America
USA,2017.0,5.11,0.337,0.633,46.9,0.732,0.771,0.283,South America
Australia,2018.0,3.61,,1.567,42.3,0.107,0.504,0.428,South America
USA,2024.0,5.78,1.242,0.807,61.9,0.537,,0.367,South America
Norway,2015.0,5.41,1.017,0.842,42.9,0.904,0.334,0.284,
Australia,2020.0,4.97,1.042,0.626,72.7,0.522,0.35,0.305,Oceania
Japan,2024.0,7.19,1.516,1.056,79.7,0.751,0.312,0.25,North America
USA,2017.0,5.92,0.78,1.449,70.0,0.216,0.16,0.363,Asia
Brazil,2022.0,4.17,0.656,0.466,40.8,0.893,0.286,0.095,
India,2016.0,4.36,0.494,0.717,65.3,0.538,0.795,0.471,Asia
Germany,2019.0,7.43,1.751,1.623,67.2,0.194,0.04,0.568,South America
Finland,2016.0,6.8,1.336,1.602,44.6,0.606,0.406,0.1,Asia
Norway,2020.0,3.36,0.797,1.018,62.8,0.759,0.079,0.388,North America
Canada,2016.0,7.17,1.046,0.982,74.6,0.321,0.647,0.205,Oceania
,2016.0,3.96,1.516,0.981,68.3,0.321,0.603,0.318,Europe
Canada,2021.0,4.77,,1.042,78.4,0.815,0.289,0.018,Europe
India,2023.0,7.69,0.444,,84.2,0.248,,0.456,Europe
Australia,2015.0,7.88,1.966,1.519,79.4,0.975,0.335,0.531,Oceania
Switzerland,2020.0,7.5,0.313,0.792,63.8,0.928,0.56,0.268,Europe
Germany,2024.0,6.84,1.408,1.376,79.9,0.803,0.324,0.118,North America
Finland,2015.0,5.46,0.963,1.406,79.6,0.568,,0.128,Oceania
Germany,2019.0,,1.587,0.624,41.3,0.817,0.474,0.145,North America
Brazil,2023.0,3.11,0.402,0.922,68.2,0.419,0.038,0.391,Asia
USA,2019.0,5.65,0.309,0.875,50.6,0.771,0.465,0.429,Oceania
Australia,2018.0,4.43,0.784,1.499,72.2,0.705,0.571,0.312,Europe
Finland,2020.0,5.34,0.627,1.49,60.4,0.232,0.341,0.247,Asia
India,2021.0,7.39,1.11,1.025,56.6,0.574,0.471,0.311,South America
Switzerland,2024.0,5.24,1.02,1.016,81.9,0.541,0.779,0.494,Europe
Germany,2017.0,5.17,1.078,1.755,63.1,,0.556,0.273,Asia
Canada,2023.0,4.53,1.918,1.242,58.4,0.209,0.457,0.024,Europe
Finland,2020.0,4.18,0.937,0.812,41.3,0.229,0.627,0.253,North America
Switzerland,2018.0,3.51,1.557,,,,0.036,0.289,North America
Australia,2022.0,,1.628,1.065,72.4,0.645,0.61,0.303,South America
USA,2022.0,3.32,1.537,0.525,68.1,0.661,0.31,0.54,North America
Germany,2015.0,7.77,1.813,1.43,69.1,0.879,0.566,0.343,North America
Germany,2016.0,6.04,0.445,1.737,,0.782,0.766,0.313,South America
Germany,2015.0,3.16,1.892,0.652,40.9,0.808,0.196,0.423,
USA,2016.0,6.94,1.332,0.963,42.0,0.876,0.019,0.262,South America
India,2023.0,4.25,0.737,0.561,44.5,0.251,0.115,0.153,Asia
Canada,2019.0,7.74,1.454,0.482,83.3,0.263,0.571,0.179,Asia
Japan,2017.0,4.77,0.851,0.926,77.2,0.209,0.162,0.451,Oceania
Norway,2022.0,5.3,1.158,1.729,52.1,0.387,0.442,0.039,Asia
Brazil,2018.0,7.53,0.332,1.176,66.4,0.191,0.61,0.391,Europe
Switzerland,2024.0,4.74,0.443,1.29,49.2,0.971,0.299,0.591,Europe
Germany,2021.0,7.79,1.244,0.459,76.6,0.965,0.497,0.392,Europe
India,2015.0,7.63,1.12,1.237,77.8,0.442,0.281,0.379,Oceania
Germany,2019.0,2.75,1.557,1.188,53.5,0.456,0.098,0.084,Oceania
Switzerland,2021.0,3.66,1.158,1.523,79.8,0.951,0.508,,South America
Switzerland,,6.14,0.847,0.695,83.2,0.396,0.731,0.08,Asia
Australia,,2.52,0.316,0.643,65.0,0.727,0.391,0.236,Asia
Finland,2023.0,2.67,1.715,1.34,70.3,0.418,0.65,0.496,North America
Brazil,2017.0,7.12,1.68,1.777,45.6,0.433,0.154,0.006,Asia
Switzerland,2020.0,3.55,1.688,1.275,76.4,0.299,0.784,0.58,Asia
Switzerland,2022.0,7.47,1.502,0.693,48.8,0.839,0.317,0.522,Oceania
Germany,2022.0,3.44,,1.434,70.2,0.643,0.14,0.353,Asia
Canada,2019.0,7.63,1.754,1.633,72.8,0.347,0.678,0.014,Oceania
Australia,2019.0,6.24,1.801,0.403,59.2,0.706,0.52,0.512,
Brazil,2021.0,4.01,1.456,1.053,56.3,0.783,0.707,0.135,North America
Brazil,2023.0,4.97,0.309,0.672,43.7,0.615,0.02,0.442,South America
Finland,2018.0,3.58,0.86,0.488,68.1,0.125,0.346,0.014,North America
Switzerland,2018.0,3.09,0.705,0.877,42.4,0.4,0.635,0.566,Oceania
Australia,2022.0,,1.363,1.211,43.8,,0.027,0.188,Asia
Canada,2015.0,7.56,1.051,0.822,68.2,0.159,0.542,0.336,North America
Brazil,2021.0,3.03,1.578,0.726,67.0,0.694,0.008,0.23,South America
Australia,,3.06,1.407,,41.2,0.565,0.47,0.065,Asia
Australia,2016.0,5.76,1.729,1.666,,0.558,0.284,0.289,Oceania
USA,2017.0,3.84,1.655,0.485,54.0,0.492,0.768,0.453,North America
Australia,2023.0,6.77,0.551,0.832,55.4,0.432,0.006,0.352,Europe
India,2018.0,,1.72,,59.0,0.276,0.16,0.545,Asia
Japan,2018.0,6.17,1.481,1.775,67.0,0.398,0.463,0.578,Oceania
Switzerland,2021.0,4.31,0.478,1.627,81.0,0.546,0.736,0.383,Europe
USA,2024.0,3.67,1.117,1.476,76.7,0.827,0.301,0.24,Asia
Japan,2015.0,,0.351,0.561,53.1,0.275,0.469,0.459,Asia
India,2018.0,3.59,0.596,1.64,72.3,0.406,0.444,0.107,Asia
Canada,2019.0,7.51,0.336,1.348,57.1,0.809,0.089,0.562,North America
USA,2018.0,4.53,0.933,0.64,63.7,0.819,0.499,0.26,Asia
Finland,2017.0,7.35,0.522,0.665,64.0,0.725,0.254,0.258,Europe
India,2024.0,5.73,1.753,0.812,46.7,0.322,0.504,0.168,Europe
Germany,2024.0,7.37,0.656,0.514,61.2,0.697,0.052,0.305,Oceania
Japan,2022.0,5.35,0.604,1.397,63.6,0.535,0.765,0.284,Oceania
,2024.0,6.07,0.652,1.653,60.3,0.311,0.175,0.255,South America
Australia,2017.0,7.65,0.936,1.171,46.0,0.176,0.356,0.211,Oceania
India,2022.0,5.32,0.872,1.032,59.5,0.431,0.398,0.164,Asia
Canada,2022.0,3.79,1.397,0.903,43.7,0.858,0.41,0.386,North America
Norway,2016.0,3.15,0.912,1.164,55.0,0.708,0.2,0.447,North America
Norway,2024.0,7.99,1.997,1.453,73.3,0.921,,0.18,North America
Brazil,,7.02,1.588,0.417,69.4,0.99,0.761,0.519,Europe
,2018.0,5.11,1.177,1.5,74.1,0.75,0.369,0.475,North America
Norway,2021.0,6.74,1.487,0.693,60.2,0.603,0.3,0.347,Europe
Switzerland,2015.0,5.25,1.42,0.897,50.1,0.483,0.602,,Oceania
Switzerland,2020.0,5.73,1.265,0.445,46.3,0.98,0.795,0.341,Oceania
Australia,2024.0,7.27,1.966,0.686,57.6,0.581,0.151,0.065,Oceania
USA,2019.0,3.01,0.477,1.174,41.4,0.72,0.391,0.112,Asia
Brazil,2019.0,,0.795,1.134,60.5,0.432,0.009,0.196,South America
Brazil,2017.0,7.94,0.52,0.986,73.4,0.45,0.723,0.124,Europe
Switzerland,2021.0,7.0,1.43,0.622,65.9,0.379,0.162,0.43,South America
Switzerland,2018.0,2.54,0.543,0.49,58.0,0.827,0.421,0.546,South America
USA,2022.0,5.67,1.553,0.803,79.6,0.511,0.56,0.427,North America
Brazil,2024.0,7.03,1.745,0.981,48.1,0.656,0.346,0.231,Europe
,2016.0,4.66,1.908,0.736,79.2,,0.502,0.175,Asia
Norway,2022.0,4.76,1.595,0.57,56.6,0.78,0.404,0.468,South America
USA,2017.0,3.89,1.16,1.047,43.3,0.725,0.6,0.229,South America
Norway,2021.0,2.71,0.726,,46.1,0.703,0.371,0.277,Asia
Germany,2018.0,,1.044,,,0.245,0.671,0.364,Europe
Switzerland,2016.0,5.44,0.964,0.509,74.4,,0.123,0.215,
India,,3.69,1.484,1.571,76.5,0.677,0.573,0.538,South America
Switzerland,2022.0,2.79,0.308,1.481,74.5,0.936,0.3,0.143,Asia
India,2021.0,,0.325,,70.6,0.157,0.767,0.058,Europe
Canada,2015.0,4.79,0.483,0.858,65.3,0.271,,0.325,South America
Finland,2018.0,3.68,0.906,0.643,58.1,0.385,0.311,,Asia
Switzerland,2024.0,4.53,0.414,0.706,53.6,0.639,0.786,0.061,Oceania
Australia,2017.0,3.89,0.461,0.854,68.4,0.45,0.74,0.463,Europe
Japan,2017.0,5.99,1.803,0.845,78.3,0.534,0.268,0.365,Oceania
USA,2021.0,5.31,1.561,1.105,71.7,0.112,0.017,0.455,
Switzerland,2018.0,6.56,1.587,1.268,42.7,0.437,0.237,0.091,Europe
India,2018.0,7.58,1.317,1.724,73.3,0.396,0.223,0.386,Asia
Germany,2021.0,6.06,0.79,0.433,78.1,0.398,0.194,0.324,Europe
Norway,2024.0,7.3,,0.657,68.3,0.158,0.393,0.572,Asia
Canada,2018.0,3.19,0.595,1.168,75.8,0.284,0.406,0.256,South America
Switzerland,2017.0,6.47,0.716,0.647,51.2,0.357,0.359,0.381,North America
USA,2016.0,7.73,0.911,0.929,61.2,0.48,0.488,0.26,Europe
USA,2015.0,6.69,1.027,0.517,80.8,0.37,0.43,0.332,Europe
Switzerland,,,1.071,0.925,67.3,0.165,0.109,0.282,Europe
Norway,2015.0,2.57,1.151,1.415,,0.933,0.752,0.582,North America
Brazil,2022.0,4.19,1.979,0.5,79.8,0.993,0.1,0.559,Europe
Norway,2021.0,7.76,1.611,1.452,55.7,0.738,0.508,0.221,Asia
Brazil,,6.55,,0.448,76.6,0.668,0.541,0.418,Europe
Switzerland,2024.0,5.01,1.458,0.756,67.1,0.957,0.673,0.007,Asia
Brazil,2021.0,6.38,1.956,0.512,80.9,0.888,0.133,0.256,North America
Germany,2023.0,6.12,0.951,0.831,58.5,0.889,0.582,0.053,Oceania
Japan,2017.0,3.98,0.656,1.448,71.5,0.106,0.135,0.295,Asia
Finland,2021.0,5.39,1.413,1.426,47.7,0.437,0.563,0.119,Europe
Germany,2016.0,4.98,1.684,0.66,42.7,0.264,0.607,0.156,South America
USA,,3.1,,0.512,43.9,0.212,0.051,0.018,
,2022.0,6.2,0.471,0.485,73.8,0.107,0.466,0.593,Asia
Norway,2023.0,6.85,0.939,1.128,83.3,0.339,0.389,0.454,Oceania
Brazil,2020.0,,1.813,1.799,76.8,0.947,,0.227,Asia
Japan,2020.0,6.93,0.305,1.619,58.1,,0.74,0.015,Asia
Germany,2019.0,7.73,1.577,0.748,60.3,0.718,0.696,0.309,Europe
India,2020.0,2.59,0.912,0.464,76.3,,0.355,0.364,South America
Australia,2016.0,4.42,1.896,1.718,61.4,0.693,0.56,0.06,South America
Switzerland,2024.0,3.57,0.543,1.128,65.7,0.871,0.404,0.077,Asia
Switzerland,2023.0,7.93,,,83.0,0.534,0.433,0.146,Europe
Finland,2016.0,4.89,1.517,0.624,81.8,0.912,0.613,0.132,North America
USA,2016.0,6.16,1.869,1.287,62.1,0.816,0.266,0.134,Oceania
Australia,2016.0,6.04,0.941,1.404,73.1,0.443,0.514,0.337,South America
Norway,2018.0,3.93,0.795,0.556,55.3,0.633,0.151,,Oceania
Japan,2017.0,7.19,1.922,1.208,40.1,0.156,0.428,0.508,South America
Japan,2020.0,6.89,1.888,0.577,69.9,0.632,0.085,0.006,South America
Japan,2017.0,6.99,0.805,0.706,70.6,0.233,0.227,0.448,Asia
Australia,2020.0,4.2,1.984,,84.9,0.736,0.383,0.497,South America
Switzerland,2021.0,2.82,1.677,0.614,72.3,,0.748,0.135,Asia
Canada,2022.0,6.5,0.808,1.541,81.1,0.243,0.017,0.235,South America
USA,2020.0,6.67,0.965,1.139,52.7,0.727,0.156,0.514,
Finland,2017.0,4.28,1.645,1.612,42.4,,0.243,0.393,Oceania
Canada,2022.0,6.33,0.795,0.603,49.8,0.774,0.588,0.005,Oceania
Finland,2017.0,4.57,1.971,1.351,47.6,0.151,0.284,0.284,Asia
Finland,2023.0,6.08,1.309,1.758,68.2,0.464,0.027,0.145,South America
Switzerland,2024.0,7.75,1.41,0.926,71.1,0.816,0.527,0.467,South America
Switzerland,2022.0,4.52,0.504,0.516,62.0,0.702,0.408,0.014,Oceania
Australia,2022.0,4.01,1.567,1.512,,0.536,0.516,0.26,Oceania
Canada,2016.0,4.29,1.513,1.607,64.2,0.465,0.561,0.236,Oceania
Germany,2022.0,2.85,1.723,1.155,76.8,0.687,0.603,0.124,Asia
Canada,2024.0,6.32,0.309,1.026,54.1,0.135,0.46,0.392,Asia
Germany,2019.0,7.18,0.36,1.772,62.8,0.427,0.436,0.254,Asia
Norway,,2.75,1.908,1.666,53.2,0.581,0.112,0.294,North America
Germany,2020.0,5.83,1.168,1.363,69.8,0.14,0.029,,Europe
Canada,2024.0,5.54,1.306,0.788,72.8,0.48,0.44,0.156,Europe
Brazil,,2.96,0.732,0.995,71.3,0.582,0.056,0.44,Europe
Japan,,6.12,1.695,1.247,58.9,0.238,0.794,0.26,Asia
Australia,2018.0,2.93,0.512,0.554,,0.159,0.512,0.218,North America
Switzerland,2017.0,7.28,0.684,0.414,57.0,0.972,0.303,0.063,Asia
Canada,2023.0,6.51,0.821,1.55,62.0,0.576,0.56,,Oceania
Switzerland,2024.0,3.04,0.382,0.845,73.8,0.263,0.645,0.407,Oceania
Germany,2024.0,7.35,0.985,1.229,51.7,0.718,0.571,0.395,Europe
Brazil,2024.0,6.54,0.39,1.416,83.9,0.737,0.199,0.365,South America
Canada,2022.0,7.92,1.657,1.103,52.4,0.485,0.753,0.529,Europe
Switzerland,2016.0,7.71,0.991,0.838,44.1,0.172,0.584,0.567,Europe
Australia,2015.0,2.97,0.786,1.701,76.4,0.11,0.759,0.406,Europe
USA,2022.0,5.33,1.997,1.643,71.4,0.465,0.493,,Asia
Brazil,2023.0,6.62,0.715,1.435,82.8,0.841,0.704,0.317,Oceania
India,2024.0,4.97,0.587,1.702,74.4,0.913,0.14,0.22,Europe
Germany,2020.0,7.74,1.019,0.931,56.8,0.202,0.731,0.15,Oceania
Finland,2019.0,4.15,0.799,0.698,73.2,0.612,0.174,0.183,Oceania
India,2022.0,7.41,,0.48,40.3,0.514,0.239,0.064,North America
,2021.0,4.45,0.472,1.089,43.8,0.563,0.123,0.074,South America
India,2017.0,6.73,0.725,1.059,56.8,0.428,,0.322,North America
Finland,2022.0,6.11,1.047,0.596,73.6,0.105,0.707,0.426,Asia
,2019.0,2.72,0.971,1.441,80.5,0.244,0.159,0.288,North America
Finland,2021.0,5.19,1.142,1.354,45.7,0.776,0.624,0.24,South America
Canada,2016.0,7.77,1.648,0.577,55.5,0.112,0.548,0.031,North America
Brazil,2024.0,6.56,1.038,,61.9,0.785,0.198,0.091,Oceania
Canada,2018.0,4.05,0.496,0.769,71.5,0.7,0.343,0.284,Asia
Germany,2024.0,3.5,1.987,1.228,68.6,0.306,0.106,0.023,Europe
Canada,2021.0,2.6,0.639,1.61,57.1,0.572,0.56,0.588,Europe
Japan,2021.0,5.14,1.167,1.301,53.7,0.342,0.224,0.211,South America
Norway,2020.0,7.42,0.609,0.401,69.7,0.389,0.228,0.168,Oceania
Finland,2021.0,3.52,1.912,0.909,53.7,0.187,0.011,0.331,Europe
Japan,2020.0,6.58,0.914,1.49,63.8,0.434,0.52,0.126,South America
Finland,2016.0,3.22,1.562,0.568,66.4,0.921,0.523,0.114,South America
Finland,2016.0,7.68,1.352,0.822,61.3,0.785,0.427,0.092,Europe
Norway,2021.0,5.53,0.729,1.628,78.4,0.916,,0.537,South America
Finland,2021.0,2.87,1.012,1.704,,0.12,0.479,0.418,Europe
Switzerland,2015.0,7.76,0.403,1.761,48.6,0.833,0.396,0.319,
Finland,2017.0,4.91,1.166,1.187,57.6,0.646,0.166,0.002,Oceania
Norway,2024.0,6.33,1.795,1.507,60.5,0.737,0.42,0.182,Europe
Switzerland,2019.0,5.54,0.591,0.464,50.7,0.135,0.119,0.53,Europe
Switzerland,2015.0,6.03,0.723,1.553,64.1,0.101,0.278,0.363,North America
Japan,2016.0,7.71,1.803,0.77,46.0,0.909,0.236,0.591,Asia
Japan,2018.0,6.52,0.775,0.758,40.7,0.692,0.694,0.563,Oceania
Finland,2021.0,7.7,0.737,1.277,67.2,0.286,0.354,0.195,Europe
Australia,2021.0,3.36,0.694,1.417,56.6,0.912,0.075,0.109,Europe
Canada,2018.0,5.63,1.904,0.653,52.7,0.379,0.708,0.49,Oceania
Norway,2016.0,3.29,1.025,,69.0,0.462,0.579,0.082,Asia
Australia,2016.0,4.58,0.335,1.557,74.4,0.68,0.035,0.149,Asia
Switzerland,2017.0,7.66,1.319,1.509,40.4,0.812,0.434,0.491,Asia
Norway,2017.0,5.14,1.257,1.022,47.3,0.399,0.124,0.034,North America
Germany,2016.0,2.62,0.376,1.162,44.6,0.898,0.332,0.001,Europe
India,2018.0,4.85,0.551,1.318,50.2,0.891,0.308,0.531,Asia
USA,2017.0,7.95,,1.739,52.7,0.169,0.267,0.216,Asia
India,2024.0,3.33,1.029,,,0.483,0.714,0.412,Oceania
Switzerland,,7.31,0.761,1.099,56.6,0.339,0.726,0.479,Asia
Canada,2017.0,4.26,0.964,1.41,75.3,0.531,0.054,0.347,North America
Canada,2016.0,,0.517,1.475,55.9,0.545,0.385,0.584,Oceania
Japan,2017.0,6.91,1.412,0.744,58.8,0.547,0.427,0.319,Europe
Brazil,2016.0,5.7,1.017,1.209,71.2,0.773,0.562,0.141,Asia
Norway,2015.0,4.49,1.106,0.587,45.0,0.92,0.289,0.51,Europe
Switzerland,,3.29,1.751,1.761,81.1,0.318,0.662,0.034,Europe
Finland,2017.0,4.58,0.345,1.751,56.7,0.731,0.53,0.044,Oceania
Canada,2015.0,3.31,0.54,0.743,,0.848,0.333,0.459,South America
Canada,2023.0,6.34,0.809,0.976,55.2,0.803,0.556,0.172,
India,2015.0,5.82,,0.624,57.8,0.481,0.759,,North America
Australia,2023.0,4.18,0.686,1.704,52.2,0.183,0.302,0.571,Europe
Brazil,2024.0,2.81,0.967,1.552,,0.645,0.062,0.415,South America
Japan,2021.0,7.05,0.58,1.525,,0.275,,0.047,Oceania
Japan,2015.0,3.82,0.577,0.549,49.5,0.11,0.728,0.113,Europe
India,2018.0,3.98,1.96,1.191,,0.811,0.037,0.189,North America
India,2020.0,,1.93,1.1,54.2,0.452,0.285,0.078,
Japan,2021.0,,1.156,1.103,74.9,0.121,0.637,0.286,Asia
Switzerland,2017.0,3.33,,1.639,44.2,0.747,0.708,0.484,Europe
Canada,2023.0,5.34,1.539,1.312,81.9,0.407,0.628,0.203,North America
Australia,2021.0,2.72,1.512,1.356,50.8,0.997,0.486,0.575,
USA,2016.0,6.93,0.542,1.619,64.6,0.972,0.625,0.052,Asia
USA,2020.0,3.43,0.803,0.495,65.9,0.418,0.057,0.426,South America
Switzerland,2022.0,7.88,1.597,1.019,81.6,0.946,0.777,0.293,North America
Switzerland,2021.0,4.75,,1.353,59.8,0.561,0.5,0.188,Asia
Brazil,2023.0,4.98,1.792,1.788,41.9,0.98,0.046,0.474,Oceania
India,2017.0,7.19,0.794,0.621,58.0,0.166,0.311,0.277,Asia
Japan,2022.0,5.08,1.21,1.546,44.9,0.262,0.087,0.576,South America
Brazil,2018.0,4.71,0.41,0.879,67.2,0.291,0.593,0.069,South America
India,,3.36,1.099,1.296,54.4,0.128,0.481,0.228,North America
Brazil,2022.0,3.67,0.66,0.432,74.1,0.481,0.202,0.106,Europe
Finland,,4.73,0.807,1.397,79.2,0.572,0.536,0.156,Asia
Finland,2021.0,4.38,1.58,0.63,55.7,0.477,0.38,0.413,Europe
Brazil,2020.0,7.52,1.27,1.552,65.2,0.904,0.159,0.434,Oceania
Australia,2017.0,4.28,1.977,1.715,73.4,0.763,0.253,0.09,South America
Canada,,7.25,0.493,1.758,58.3,0.569,,0.27,Europe
USA,2024.0,3.04,0.672,1.771,58.9,0.591,0.133,0.227,North America
Norway,2018.0,7.84,1.281,0.42,76.6,0.115,0.717,0.301,Asia
USA,2022.0,4.78,0.898,1.559,59.2,,0.269,0.556,South America
,2020.0,3.47,1.311,1.16,57.2,0.861,0.551,0.262,North America
Australia,2016.0,7.97,1.67,0.545,69.2,0.655,0.329,0.298,
Germany,2016.0,5.98,1.156,1.528,70.0,0.867,0.169,0.466,Oceania
Brazil,,3.58,1.098,0.574,83.5,0.923,0.33,0.492,South America
India,2020.0,6.8,1.163,0.775,69.6,0.377,0.722,0.546,Europe
India,2021.0,2.68,0.345,,77.8,,,0.19,Europe
Australia,2021.0,3.83,1.955,0.67,69.0,0.846,0.641,0.347,Europe
Brazil,2017.0,4.72,0.841,0.622,50.4,,0.101,0.071,Oceania
Brazil,2019.0,7.11,0.57,0.851,44.2,0.123,0.009,0.462,Europe
India,2024.0,6.39,1.865,0.51,57.2,0.768,0.104,0.272,North America
Canada,2018.0,6.09,0.677,0.671,77.8,0.754,0.646,0.227,
India,,2.96,0.544,0.432,84.3,0.88,0.089,0.556,Asia
Finland,2017.0,4.05,1.821,0.53,62.2,0.425,0.671,0.234,South America
India,2021.0,2.9,1.931,0.507,70.9,0.438,0.251,0.545,
Canada,2019.0,2.56,0.604,1.194,67.3,0.128,0.781,0.596,South America
Australia,2024.0,5.51,0.569,1.438,81.7,0.274,0.024,0.014,Oceania
Canada,2018.0,7.27,0.495,,54.7,0.298,0.582,,North America
Switzerland,2022.0,3.6,0.456,1.391,69.3,0.52,0.647,,South America
Norway,2019.0,3.45,1.468,1.642,52.6,0.454,0.467,0.46,North America
Canada,2018.0,7.75,1.129,1.636,59.1,0.772,0.653,0.374,Oceania
Brazil,,,0.9,1.657,76.9,0.504,0.712,0.575,North America
Australia,2021.0,4.11,1.705,1.303,83.4,0.417,0.024,0.108,North America
Brazil,2017.0,4.47,0.423,1.32,56.7,0.802,0.098,0.191,Asia
Japan,2018.0,5.06,1.652,1.658,65.3,0.447,0.481,0.316,Asia
Germany,2019.0,6.44,1.909,1.53,,0.617,0.517,0.409,South America
Japan,2020.0,3.59,0.384,1.092,42.1,0.347,0.095,0.272,Oceania
Japan,2024.0,4.61,1.28,0.799,69.0,0.87,0.79,0.547,North America
Canada,2021.0,2.7,1.207,1.139,55.2,0.115,0.376,0.498,South America
Switzerland,2019.0,4.24,0.888,0.512,74.9,0.544,0.038,0.179,South America
USA,2016.0,7.14,1.894,0.544,50.1,0.843,0.111,0.596,South America
Norway,2017.0,2.98,1.531,1.537,76.7,0.584,0.004,0.413,Asia
Switzerland,2015.0,3.11,1.91,0.505,54.8,0.651,0.65,0.162,Europe
Canada,2024.0,5.03,0.515,1.607,73.9,0.899,0.773,0.248,South America
Finland,2023.0,5.4,1.282,1.326,83.9,0.39,0.585,0.135,North America
Switzerland,2016.0,4.44,1.72,0.739,69.1,0.87,0.556,,South America
India,2018.0,2.57,0.667,1.546,48.5,0.194,0.167,0.354,Oceania
Germany,2020.0,6.68,0.83,1.036,46.9,0.554,0.731,0.131,North America
Brazil,2022.0,7.27,1.173,1.492,48.5,0.35,0.131,0.184,Oceania
Finland,2017.0,5.04,,0.554,40.7,0.515,,0.286,Oceania
,2020.0,3.96,1.876,0.518,59.4,0.236,0.402,0.305,Asia
USA,2019.0,4.53,0.384,0.936,81.8,0.275,,0.106,North America
Germany,2024.0,5.21,1.037,1.354,69.1,0.963,0.176,0.032,
Australia,2019.0,3.81,1.205,0.786,79.7,0.73,0.324,0.236,Europe
Switzerland,2022.0,3.63,1.636,0.887,53.0,0.637,0.587,0.057,Oceania
Australia,2022.0,6.56,1.749,1.363,47.7,0.713,0.133,0.199,South America
Canada,2015.0,6.16,1.027,0.429,83.8,0.893,0.137,0.456,Asia
Australia,2020.0,7.83,,1.084,51.1,,0.655,0.34,North America
Norway,2023.0,5.27,1.583,1.485,44.5,0.824,0.269,0.294,North America
Germany,2019.0,,0.731,1.042,77.2,0.371,0.267,0.311,Oceania
USA,2016.0,3.98,1.183,1.296,46.7,,0.176,0.596,
USA,2015.0,3.84,1.56,1.763,56.2,0.77,,0.573,Asia
Switzerland,2023.0,,1.064,1.742,63.7,0.339,0.543,0.533,South America
Australia,2021.0,7.7,0.77,0.667,66.1,0.732,0.667,0.074,
Australia,2020.0,4.09,1.948,1.098,70.8,0.52,0.12,0.58,Oceania
Germany,,4.17,0.79,1.52,40.7,0.137,0.226,0.356,Asia
USA,2019.0,2.53,0.899,1.568,42.2,0.224,0.703,0.471,Oceania
Germany,2017.0,7.75,1.512,0.6,73.0,0.489,0.735,0.174,Asia
USA,2020.0,3.87,1.453,0.941,58.0,0.914,0.714,0.552,Oceania
Switzerland,2017.0,5.6,1.454,0.851,66.0,,0.16,0.081,Oceania
Norway,2019.0,4.18,0.805,1.698,60.8,0.265,0.626,0.5,Asia
Canada,2023.0,4.93,0.833,1.709,,0.522,0.342,0.252,
USA,,7.52,0.345,1.473,44.0,0.227,0.725,0.472,
Germany,2020.0,3.2,1.224,1.192,53.2,0.78,,0.242,Asia
USA,2023.0,5.03,0.392,0.477,77.3,0.685,0.267,0.058,North America
Australia,2022.0,6.3,1.769,0.57,66.3,0.56,0.574,0.421,Oceania
Canada,2023.0,6.57,1.142,0.713,70.4,0.867,0.241,0.187,Asia
USA,2024.0,6.28,,0.4,67.2,0.209,0.077,0.123,South America
India,2023.0,4.94,0.395,0.571,58.2,0.984,0.656,0.505,Oceania
,2024.0,6.25,,1.264,59.5,0.673,0.148,0.491,Europe
Canada,2023.0,6.58,1.229,1.067,53.1,0.701,0.767,0.296,North America
Brazil,2021.0,6.34,0.482,0.984,59.1,0.125,0.366,0.339,Asia
Australia,2019.0,2.69,,1.32,60.0,0.917,0.284,0.084,South America
Switzerland,2015.0,7.9,0.908,1.598,62.6,0.414,0.565,0.234,Asia
Canada,2017.0,4.44,1.523,0.875,72.2,0.808,0.223,0.458,North America
Brazil,2016.0,7.54,1.397,0.927,61.2,0.693,,0.556,Oceania
Switzerland,2017.0,6.34,1.301,1.213,66.3,0.847,0.054,0.018,Europe
Norway,,6.16,1.149,,54.6,0.308,0.617,0.55,Europe
Finland,2017.0,6.5,0.953,1.763,81.5,0.156,0.2,0.022,Asia
USA,2020.0,5.84,1.729,1.693,54.5,0.729,0.302,0.593,Oceania
Germany,2018.0,,1.135,1.35,50.1,0.768,0.347,0.317,Europe
Finland,2024.0,2.63,1.932,0.535,41.5,0.227,0.004,0.465,Oceania
Germany,2016.0,4.37,1.46,1.741,72.8,0.575,0.152,0.124,South America
Germany,2020.0,4.46,1.83,1.595,76.1,0.495,0.5,0.524,Oceania
Finland,2017.0,6.8,,0.565,50.4,0.641,0.265,0.134,North America
Switzerland,2021.0,6.37,0.416,1.62,83.6,0.167,,0.512,Oceania
Germany,2019.0,4.7,0.396,1.377,45.0,0.524,0.734,0.158,Asia
India,,4.82,0.641,1.643,42.7,0.284,0.653,0.198,Asia
Norway,2022.0,2.9,1.912,1.666,71.6,0.789,0.028,0.589,South America
Australia,2024.0,7.61,1.809,1.07,45.8,0.751,0.083,0.298,Europe
Japan,2021.0,,1.629,1.627,50.2,,0.021,0.469,Europe
Germany,,,1.459,,64.9,0.147,0.613,0.417,South America
Brazil,2023.0,3.26,1.045,1.656,,0.431,0.155,0.262,Asia
Norway,2018.0,3.01,0.317,0.978,73.9,0.827,0.429,0.027,Asia
Norway,2015.0,2.92,0.515,0.653,42.0,,0.524,0.147,North America
Canada,2024.0,4.69,1.418,1.319,43.4,0.945,0.165,0.423,North America
Norway,2022.0,6.42,1.9,1.492,53.2,0.688,0.421,0.161,Oceania
Germany,2016.0,2.8,1.831,1.388,68.0,0.352,0.163,0.082,Oceania
,2019.0,6.58,0.658,0.921,76.7,0.228,0.782,0.419,South America
Finland,2015.0,5.24,0.357,0.789,57.3,0.844,0.068,0.167,Oceania
Brazil,2022.0,,0.95,1.022,50.1,0.441,0.528,0.319,North America
India,2023.0,6.7,1.893,,74.0,0.403,0.663,0.158,Oceania
Norway,2015.0,4.38,1.71,1.008,59.2,0.756,0.588,0.034,Asia
Germany,2021.0,7.74,1.885,0.802,84.6,0.581,0.339,0.432,
Switzerland,2017.0,7.78,1.094,1.79,50.7,0.917,0.225,0.41,North America
Finland,2018.0,6.74,0.803,,41.7,0.347,0.215,0.15,Oceania
India,2016.0,4.19,1.423,1.57,78.1,0.499,0.014,,Asia
Japan,2022.0,,1.246,0.972,66.1,0.172,0.718,0.331,Asia
USA,2017.0,3.92,1.637,0.763,62.3,0.305,0.14,0.523,Asia
Norway,2016.0,6.1,0.613,1.109,59.8,0.386,0.443,0.137,North America
Switzerland,2015.0,6.23,,0.895,72.3,0.641,0.28,0.046,South America
Finland,2023.0,2.93,0.647,1.199,77.3,0.713,0.057,0.256,North America
Canada,2015.0,4.3,1.64,0.869,58.4,0.687,0.377,0.584,Oceania
India,2017.0,4.53,0.794,0.61,66.6,,,0.188,Oceania
Australia,2020.0,7.67,0.944,1.216,69.6,0.235,,0.39,Asia
Norway,2024.0,5.27,1.277,1.168,58.8,0.76,0.678,0.317,Asia
Australia,2022.0,6.13,1.185,0.844,48.8,0.618,0.729,0.197,North America
Norway,2022.0,4.23,,1.37,60.0,0.962,0.328,0.048,
Germany,2016.0,7.53,1.411,1.247,60.2,0.477,0.455,0.496,Europe
Germany,2018.0,6.77,,1.219,46.2,0.334,0.23,0.188,Asia
Brazil,2021.0,5.28,0.552,1.092,79.7,0.278,0.144,0.272,Europe
Finland,2021.0,3.95,1.243,1.702,73.4,0.214,0.027,0.259,Europe
Finland,2017.0,5.33,1.2,,59.0,0.215,0.558,0.145,
Finland,2020.0,7.44,1.827,,67.7,0.995,0.036,0.443,North America
USA,2021.0,5.97,1.559,1.01,74.1,0.73,0.587,,Oceania
Germany,2016.0,3.34,0.313,1.23,70.3,0.508,0.256,0.106,Oceania
Switzerland,2016.0,3.78,1.139,0.468,63.3,0.573,0.407,0.557,North America
Japan,2021.0,4.25,0.603,0.6,76.6,0.761,0.791,0.126,Oceania
Switzerland,2024.0,7.34,0.834,,,0.359,0.389,0.134,Europe
Switzerland,2019.0,7.94,1.581,1.694,70.0,0.227,0.165,0.503,Europe
India,2024.0,7.46,1.932,1.156,76.0,0.106,0.666,0.015,Europe
Switzerland,2024.0,4.85,1.056,0.577,60.4,0.926,0.573,0.552,Asia
USA,2021.0,5.21,0.448,0.592,52.5,0.702,0.775,0.482,Europe
Finland,2020.0,3.36,,1.035,73.1,0.705,0.059,0.413,Asia
Brazil,2016.0,,1.65,0.845,77.9,0.695,0.702,0.021,Asia
Norway,2017.0,5.72,1.783,0.708,48.8,0.523,0.388,0.112,South America
,2017.0,3.59,1.789,1.731,78.6,0.775,0.003,,Oceania
Australia,2018.0,6.4,0.366,1.363,67.6,,0.188,0.209,Oceania
Canada,2019.0,7.12,1.788,1.335,62.1,0.667,0.478,0.326,North America
Finland,2018.0,3.12,1.798,1.457,,0.972,0.26,0.397,Asia
Canada,2022.0,7.76,1.423,0.887,57.9,0.215,0.706,0.504,South America
,2021.0,6.28,0.349,0.775,49.7,0.866,0.327,0.337,North America
Switzerland,2020.0,4.76,1.675,0.995,51.7,0.149,0.388,0.131,Asia
Switzerland,2022.0,4.75,1.273,0.633,49.3,0.663,,,North America
Canada,2024.0,5.47,1.915,0.43,,0.802,0.267,0.212,Oceania
Finland,2015.0,5.35,0.916,0.678,47.1,0.582,0.688,,Europe
Japan,2020.0,4.77,1.24,0.748,40.6,,0.604,0.316,Oceania
Brazil,2022.0,2.73,0.781,0.434,68.4,0.719,0.027,0.45,South America
Brazil,2017.0,7.0,1.79,1.607,43.4,,0.563,0.44,Asia
India,2023.0,5.83,0.558,,75.7,0.275,,0.187,North America
Brazil,2023.0,6.59,0.814,1.042,44.5,0.972,0.461,0.226,South America
Finland,2018.0,7.82,1.254,1.077,80.8,0.58,0.196,0.01,South America
Brazil,2020.0,6.69,1.515,,66.0,0.122,0.617,0.268,South America
Australia,2016.0,6.04,0.865,1.534,83.9,0.186,0.135,0.519,South America
Australia,2018.0,2.96,0.985,1.573,,0.856,0.608,0.035,South America
Switzerland,2021.0,4.21,,0.611,54.5,0.609,0.325,0.003,Europe
Germany,2022.0,5.5,0.832,1.313,54.5,0.738,0.412,0.515,
Finland,2021.0,6.35,0.939,1.46,47.3,0.773,0.133,0.263,
India,2021.0,5.22,1.364,1.134,46.3,0.887,0.335,0.006,Asia
Brazil,2019.0,6.46,1.796,0.78,54.5,0.901,0.451,0.1,North America
Germany,2018.0,6.92,1.918,0.92,67.2,0.525,0.168,0.198,Europe
Canada,2023.0,6.43,1.106,0.845,48.1,0.523,0.795,0.003,Europe
Norway,2016.0,5.46,0.863,0.486,61.1,0.241,0.28,0.335,Europe
Japan,2015.0,7.6,0.767,1.549,,0.626,0.245,0.375,South America
Switzerland,2023.0,5.48,1.421,0.508,46.9,0.758,0.224,0.158,Asia
Canada,2023.0,5.73,1.602,0.862,74.7,0.633,0.222,0.484,Oceania
USA,2018.0,3.42,1.632,1.785,44.1,0.823,0.117,0.099,Asia
Japan,2016.0,7.43,0.389,1.116,59.8,0.698,0.262,0.3,Asia
Norway,2023.0,4.66,1.616,1.389,56.0,0.855,0.254,0.047,Oceania
Norway,2017.0,7.7,1.717,1.396,77.8,0.604,0.392,0.473,Asia
Germany,2021.0,6.09,0.603,1.613,78.5,0.794,0.277,,Oceania
Germany,2018.0,4.6,0.604,1.447,40.5,0.498,0.421,0.003,North America
Japan,2016.0,7.51,1.857,1.104,40.6,0.346,0.518,0.385,South America
India,2019.0,4.01,0.397,1.201,41.4,0.746,0.377,,South America
USA,2017.0,5.1,1.787,1.451,76.3,0.134,0.023,0.537,Europe
,2017.0,2.96,1.718,0.567,60.0,,0.251,0.515,
Norway,2024.0,6.56,0.866,1.341,80.5,0.908,0.135,0.592,North America
Germany,2015.0,7.67,0.985,1.573,70.1,0.158,0.66,0.301,North America
Finland,2017.0,4.94,0.768,0.678,62.7,0.256,0.597,0.503,Asia
Switzerland,2019.0,5.58,0.5,1.053,77.6,0.177,0.744,0.053,Asia
Canada,2016.0,3.52,1.305,1.752,74.5,0.81,0.174,0.225,Asia
Norway,2019.0,7.11,1.392,1.662,48.6,0.78,0.106,0.032,North America
Canada,2019.0,3.27,0.836,,,0.895,0.142,0.177,South America
Switzerland,2016.0,5.19,1.284,0.888,68.9,0.505,0.505,0.499,Asia
Australia,2021.0,3.36,1.267,1.791,59.5,0.681,0.546,0.173,North America
Germany,2023.0,7.06,,0.527,74.8,0.332,,,Asia
Germany,2017.0,5.11,1.094,,65.4,0.692,0.721,0.193,Asia
Japan,2015.0,3.37,1.108,0.871,80.6,0.268,0.286,0.098,Oceania
Canada,2015.0,4.91,,1.231,71.3,0.758,0.379,0.146,North America
Australia,2020.0,5.15,0.982,0.456,81.8,0.311,0.748,0.556,Asia
Brazil,2021.0,6.76,1.922,0.961,41.3,0.561,0.738,0.532,Oceania
Norway,,6.64,0.521,0.866,83.2,0.973,0.247,0.459,North America
USA,2021.0,3.41,0.301,0.606,,0.371,0.064,0.142,Europe
Brazil,2016.0,6.48,0.562,1.177,74.9,0.104,0.127,0.06,Oceania
Brazil,2018.0,7.52,1.436,1.564,71.8,0.787,0.077,0.077,Europe
Brazil,2020.0,7.44,1.694,1.423,59.1,0.454,0.057,0.293,Oceania
India,2018.0,7.37,,0.729,56.3,0.551,,0.36,South America
Finland,2018.0,,0.62,0.696,59.6,0.406,0.523,0.255,North America
Switzerland,2021.0,6.21,1.117,0.765,83.0,0.262,0.319,0.31,Asia
USA,2016.0,4.4,1.546,1.318,58.2,0.826,0.129,0.077,Oceania
Brazil,2022.0,2.56,1.411,,59.0,0.149,0.34,,Asia
Australia,2022.0,5.26,1.628,1.397,78.0,0.975,0.089,0.107,South America
Germany,2021.0,7.29,0.436,0.41,82.7,0.737,0.206,0.309,Oceania
USA,2021.0,2.77,0.779,0.57,62.0,0.43,0.711,0.412,North America
Brazil,2020.0,,1.604,0.433,52.0,0.364,0.334,0.268,North America
India,2024.0,3.11,1.544,1.144,57.8,0.258,,0.076,Europe
USA,2021.0,7.41,0.887,1.041,67.8,0.927,0.723,0.559,
Australia,2022.0,2.72,0.855,0.454,67.4,0.751,0.65,0.061,Oceania
Finland,2020.0,,1.574,0.992,41.0,0.955,0.205,0.392,Asia
Brazil,2016.0,6.87,1.271,1.793,67.7,0.585,0.635,0.417,Asia
Japan,,5.1,1.593,1.012,73.6,0.8,0.221,0.403,Oceania
Brazil,2017.0,6.23,0.764,0.97,40.8,0.473,0.104,0.16,Oceania
Japan,2016.0,3.72,0.331,,42.9,0.359,0.57,,Oceania
Brazil,2024.0,4.31,0.961,1.702,40.6,0.407,0.277,0.267,South America
USA,2018.0,5.43,0.589,0.946,58.1,0.695,0.457,0.047,South America
Germany,2020.0,2.96,1.572,1.141,53.7,0.776,0.361,0.28,Europe
Australia,2024.0,3.42,0.898,1.004,84.8,0.121,0.779,0.334,South America
Norway,2021.0,7.57,,,,0.187,0.175,0.595,Oceania
Switzerland,2017.0,7.26,1.604,1.778,84.1,0.595,0.282,0.131,Oceania
Switzerland,2020.0,6.74,1.371,1.33,70.9,0.67,0.509,,Oceania
Brazil,2018.0,7.22,1.141,1.049,77.2,0.505,0.739,0.107,North America
India,2023.0,7.06,1.597,1.319,70.8,0.188,0.464,,South America
Brazil,2018.0,6.0,1.352,,67.9,,0.48,0.439,Asia
Japan,2024.0,3.87,1.268,1.061,44.1,0.433,0.594,0.53,South America
